"ea_id2","ea_id","sa1q01","sa1q02","sa1q03","sa1q04","sa1q05","sa1q06","sa1q07","cs1aq8_1","cs1aq8_3a","cs1aq8_3b","cs1aq8_3c","cs1aq9_1","cs1aq9_3a","cs1aq9_3b","cs1aq9_3c","cs1aq12_1","cs1aq12_3a","cs1aq12_3b","cs1aq12_3c","cs1aq14_a","cs1aq14_b","cs1aq14_c","cs1aq15_a","cs1aq15_b","cs1aq16_a","cs1aq16_b","cs1aq17_a","cs1aq17_b"
"010101088801601","01010101601",1,1,1,8,88,16,1,"**CONFIDENTIAL**",14,6,2008,"**CONFIDENTIAL**",19,7,2008,"**CONFIDENTIAL**",7,11,2008,14,6,2008,2,15,3,10,"**CONFIDENTIAL**",24
"010102088801403","01010201403",1,1,2,8,88,14,3,"**CONFIDENTIAL**",15,6,2008,"**CONFIDENTIAL**",17,7,2008,"**CONFIDENTIAL**",7,11,2008,17,6,2008,4,30,6,0,"**CONFIDENTIAL**",24
"010103010100106","01010300106",1,1,3,1,1,1,6,"**CONFIDENTIAL**",4,6,2008,"**CONFIDENTIAL**",10,7,2008,"**CONFIDENTIAL**",8,11,2008,4,6,2008,3,0,5,15,"**CONFIDENTIAL**",24
"010103088801804","01010301804",1,1,3,8,88,18,4,"**CONFIDENTIAL**",7,6,2008,"**CONFIDENTIAL**",14,7,2008,"**CONFIDENTIAL**",6,11,2008,11,6,2008,10,30,11,15,"**CONFIDENTIAL**",24
"010105088800204","01010500204",1,1,5,8,88,2,4,"**CONFIDENTIAL**",9,6,2008,"**CONFIDENTIAL**",14,7,2008,"**CONFIDENTIAL**",7,11,2008,9,6,2008,9,30,10,0,"**CONFIDENTIAL**",24
"010106088800402","01010600402",1,1,6,8,88,4,2,"**CONFIDENTIAL**",7,7,2008,"**CONFIDENTIAL**",11,7,2008,"**CONFIDENTIAL**",8,11,2008,7,7,2008,10,0,10,45,"**CONFIDENTIAL**",24
"010107010100116","01010700116",1,1,7,1,1,1,16,"**CONFIDENTIAL**",1,7,2008,"**CONFIDENTIAL**",9,7,2008,"**CONFIDENTIAL**",7,11,2008,1,7,2008,10,45,11,50,"**CONFIDENTIAL**",24
"010201088800207","01020100207",1,2,1,8,88,2,7,"**CONFIDENTIAL**",13,6,2008,"**CONFIDENTIAL**",25,6,2008,"**CONFIDENTIAL**",7,11,2008,12,6,2008,2,45,6,15,"**CONFIDENTIAL**",20
"010202020100107","01020200107",1,2,2,2,1,1,7,"**CONFIDENTIAL**",,,,"**CONFIDENTIAL**",,,,"**CONFIDENTIAL**",,,,,,,,,,,"**CONFIDENTIAL**",
"010202088800802","01020200802",1,2,2,8,88,8,2,"**CONFIDENTIAL**",17,7,2008,"**CONFIDENTIAL**",25,7,2008,"**CONFIDENTIAL**",7,11,2008,11,7,2008,2,45,6,30,"**CONFIDENTIAL**",20
"010203088801001","01020301001",1,2,3,8,88,10,1,"**CONFIDENTIAL**",7,6,2008,"**CONFIDENTIAL**",25,7,2008,"**CONFIDENTIAL**",7,11,2008,7,6,2008,3,20,6,50,"**CONFIDENTIAL**",20
"010204088801702","01020401702",1,2,4,8,88,17,2,"**CONFIDENTIAL**",10,6,2008,"**CONFIDENTIAL**",25,7,2008,"**CONFIDENTIAL**",8,11,2008,10,6,2008,2,30,8,45,"**CONFIDENTIAL**",20
"010206088801301","01020601301",1,2,6,8,88,13,1,"**CONFIDENTIAL**",6,6,2008,"**CONFIDENTIAL**",25,6,2008,"**CONFIDENTIAL**",7,11,2008,6,6,2008,5,30,8,0,"**CONFIDENTIAL**",20
"010207010100101","01020700101",1,2,7,1,1,1,1,"**CONFIDENTIAL**",8,6,2008,"**CONFIDENTIAL**",25,6,2008,"**CONFIDENTIAL**",7,11,2008,8,6,2008,7,30,9,20,"**CONFIDENTIAL**",20
"010208088800603","01020800603",1,2,8,8,88,6,3,"**CONFIDENTIAL**",10,6,2008,"**CONFIDENTIAL**",25,6,2008,"**CONFIDENTIAL**",7,11,2008,10,6,2008,3,0,7,0,"**CONFIDENTIAL**",20
"010209088800602","01020900602",1,2,9,8,88,6,2,"**CONFIDENTIAL**",11,7,2008,"**CONFIDENTIAL**",25,7,2008,"**CONFIDENTIAL**",7,11,2008,11,7,2008,3,0,6,30,"**CONFIDENTIAL**",20
"010212010100416","01021200416",1,2,12,1,1,4,16,"**CONFIDENTIAL**",,,,"**CONFIDENTIAL**",,,,"**CONFIDENTIAL**",,,,,,,,,,,"**CONFIDENTIAL**",
"010301088800204","01030100204",1,3,1,8,88,2,4,"**CONFIDENTIAL**",13,6,2008,"**CONFIDENTIAL**",25,7,2008,"**CONFIDENTIAL**",7,11,2008,13,6,2008,9,0,11,30,"**CONFIDENTIAL**",20
"010303010100111","01030300111",1,3,3,1,1,1,11,"**CONFIDENTIAL**",,,,"**CONFIDENTIAL**",,,,"**CONFIDENTIAL**",,,,,,,,,,,"**CONFIDENTIAL**",
"010303088800605","01030300605",1,3,3,8,88,6,5,"**CONFIDENTIAL**",7,7,2008,"**CONFIDENTIAL**",25,7,2008,"**CONFIDENTIAL**",7,11,2008,13,6,2008,3,10,5,40,"**CONFIDENTIAL**",20
"010304088800101","01030400101",1,3,4,8,88,1,1,"**CONFIDENTIAL**",9,7,2008,"**CONFIDENTIAL**",25,7,2008,"**CONFIDENTIAL**",6,11,2008,9,7,2008,4,30,6,10,"**CONFIDENTIAL**",
"010305088801202","01030501202",1,3,5,8,88,12,2,"**CONFIDENTIAL**",11,6,2008,"**CONFIDENTIAL**",25,6,2008,"**CONFIDENTIAL**",7,11,2008,11,6,2008,4,15,6,45,"**CONFIDENTIAL**",20
"010306088800608","01030600608",1,3,6,8,88,6,8,"**CONFIDENTIAL**",9,6,2008,"**CONFIDENTIAL**",25,7,2008,"**CONFIDENTIAL**",7,11,2008,9,6,2008,3,10,5,30,"**CONFIDENTIAL**",20
"010307088800116","01030700116",1,3,7,8,88,1,16,"**CONFIDENTIAL**",14,6,2008,"**CONFIDENTIAL**",25,7,2008,"**CONFIDENTIAL**",8,11,2008,14,6,2008,3,15,5,15,"**CONFIDENTIAL**",20
"010307088800709","01030700709",1,3,7,8,88,7,9,"**CONFIDENTIAL**",13,6,2008,"**CONFIDENTIAL**",25,7,2008,"**CONFIDENTIAL**",8,11,2008,13,6,2008,4,45,6,15,"**CONFIDENTIAL**",20
"010309010100101","01030900101",1,3,9,1,1,1,1,"**CONFIDENTIAL**",,,,"**CONFIDENTIAL**",,,,"**CONFIDENTIAL**",,,,,,,,,,,"**CONFIDENTIAL**",
"010401088801204","01040101204",1,4,1,8,88,12,4,"**CONFIDENTIAL**",8,6,2008,"**CONFIDENTIAL**",25,7,2008,"**CONFIDENTIAL**",7,11,2008,8,6,2008,7,30,9,0,"**CONFIDENTIAL**",20
"010403020100109","01040300109",1,4,3,2,1,1,9,"**CONFIDENTIAL**",16,7,2008,"**CONFIDENTIAL**",25,7,2008,"**CONFIDENTIAL**",8,11,2008,16,7,2008,3,30,5,15,"**CONFIDENTIAL**",20
"010403088800404","01040300404",1,4,3,8,88,4,4,"**CONFIDENTIAL**",13,7,2008,"**CONFIDENTIAL**",25,7,2008,"**CONFIDENTIAL**",8,11,2008,13,7,2008,5,30,7,30,"**CONFIDENTIAL**",20
"010404088800103","01040400103",1,4,4,8,88,1,3,"**CONFIDENTIAL**",28,6,2008,"**CONFIDENTIAL**",25,7,2008,"**CONFIDENTIAL**",7,11,2008,26,6,2008,6,0,8,10,"**CONFIDENTIAL**",20
"010405088800701","01040500701",1,4,5,8,88,7,1,"**CONFIDENTIAL**",12,7,2008,"**CONFIDENTIAL**",25,7,2008,"**CONFIDENTIAL**",7,11,2008,6,6,2008,9,42,11,3,"**CONFIDENTIAL**",20
"010406088800803","01040600803",1,4,6,8,88,8,3,"**CONFIDENTIAL**",10,7,2008,"**CONFIDENTIAL**",25,7,2008,"**CONFIDENTIAL**",7,11,2008,8,6,2008,3,45,5,8,"**CONFIDENTIAL**",20
"010408088800402","01040800402",1,4,8,8,88,4,2,"**CONFIDENTIAL**",15,7,2008,"**CONFIDENTIAL**",25,7,2008,"**CONFIDENTIAL**",7,11,2008,11,6,2008,5,34,6,52,"**CONFIDENTIAL**",20
"010409010100306","01040900306",1,4,9,1,1,3,6,"**CONFIDENTIAL**",,,,"**CONFIDENTIAL**",,,,"**CONFIDENTIAL**",,,,,,,,,,,"**CONFIDENTIAL**",
"010501020100105","01050100105",1,5,1,2,1,1,5,"**CONFIDENTIAL**",14,6,2008,"**CONFIDENTIAL**",11,7,2008,"**CONFIDENTIAL**",7,11,2008,16,6,2008,11,0,12,5,"**CONFIDENTIAL**",24
"010501088800105","01050100105",1,5,1,8,88,1,5,"**CONFIDENTIAL**",3,7,2008,"**CONFIDENTIAL**",8,7,2008,"**CONFIDENTIAL**",7,11,2008,3,7,2008,8,0,10,0,"**CONFIDENTIAL**",24
"010502088800201","01050200201",1,5,2,8,88,2,1,"**CONFIDENTIAL**",3,7,2008,"**CONFIDENTIAL**",19,7,2008,"**CONFIDENTIAL**",7,11,2008,3,7,2008,7,30,8,44,"**CONFIDENTIAL**",24
"010502088800712","01050200712",1,5,2,8,88,7,12,"**CONFIDENTIAL**",6,6,2008,"**CONFIDENTIAL**",9,7,2008,"**CONFIDENTIAL**",7,11,2008,6,6,2008,9,5,11,10,"**CONFIDENTIAL**",24
"010502088801503","01050201503",1,5,2,8,88,15,3,"**CONFIDENTIAL**",23,6,2008,"**CONFIDENTIAL**",30,6,2008,"**CONFIDENTIAL**",7,11,2008,23,6,2008,10,0,12,15,"**CONFIDENTIAL**",24
"010503088801501","01050301501",1,5,3,8,88,15,1,"**CONFIDENTIAL**",15,6,2008,"**CONFIDENTIAL**",15,7,2008,"**CONFIDENTIAL**",7,11,2008,12,6,2008,3,0,5,0,"**CONFIDENTIAL**",24
"010503088802304","01050302304",1,5,3,8,88,23,4,"**CONFIDENTIAL**",17,6,2008,"**CONFIDENTIAL**",18,7,2008,"**CONFIDENTIAL**",7,11,2008,13,6,2008,3,25,5,15,"**CONFIDENTIAL**",24
"010601010100224","01060100224",1,6,1,1,1,2,24,"**CONFIDENTIAL**",,,,"**CONFIDENTIAL**",,,,"**CONFIDENTIAL**",,,,,,,,,,,"**CONFIDENTIAL**",
"010601010100303","01060100303",1,6,1,1,1,3,3,"**CONFIDENTIAL**",,,,"**CONFIDENTIAL**",,,,"**CONFIDENTIAL**",,,,,,,,,,,"**CONFIDENTIAL**",
"010601010100315","01060100315",1,6,1,1,1,3,15,"**CONFIDENTIAL**",,,,"**CONFIDENTIAL**",,,,"**CONFIDENTIAL**",,,,,,,,,,,"**CONFIDENTIAL**",
"010601010100423","01060100423",1,6,1,1,1,4,23,"**CONFIDENTIAL**",,,,"**CONFIDENTIAL**",,,,"**CONFIDENTIAL**",,,,,,,,,,,"**CONFIDENTIAL**",
"010601010100532","01060100532",1,6,1,1,1,5,32,"**CONFIDENTIAL**",,,,"**CONFIDENTIAL**",,,,"**CONFIDENTIAL**",,,,,,,,,,,"**CONFIDENTIAL**",
"010601010103701","01060103701",1,6,1,1,1,37,1,"**CONFIDENTIAL**",,,,"**CONFIDENTIAL**",,,,"**CONFIDENTIAL**",,,,,,,,,,,"**CONFIDENTIAL**",
"010602010100113","01060200113",1,6,2,1,1,1,13,"**CONFIDENTIAL**",,,,"**CONFIDENTIAL**",,,,"**CONFIDENTIAL**",,,,,,,,,,,"**CONFIDENTIAL**",
"010602010100519","01060200519",1,6,2,1,1,5,19,"**CONFIDENTIAL**",,,,"**CONFIDENTIAL**",,,,"**CONFIDENTIAL**",,,,,,,,,,,"**CONFIDENTIAL**",
"020102010100102","02010200102",2,1,2,1,1,1,2,"**CONFIDENTIAL**",28,6,2008,"**CONFIDENTIAL**",30,6,2008,"**CONFIDENTIAL**",6,11,2008,28,6,2008,4,45,6,15,"**CONFIDENTIAL**",5
"020103010100204","02010300204",2,1,3,1,1,2,4,"**CONFIDENTIAL**",,,,"**CONFIDENTIAL**",,,,"**CONFIDENTIAL**",,,,,,,,,,,"**CONFIDENTIAL**",
"020103088800102","02010300102",2,1,3,8,88,1,2,"**CONFIDENTIAL**",18,6,2008,"**CONFIDENTIAL**",20,6,2008,"**CONFIDENTIAL**",6,11,2008,18,6,2008,1,45,3,45,"**CONFIDENTIAL**",5
"020103088800601","02010300601",2,1,3,8,88,6,1,"**CONFIDENTIAL**",2,7,2008,"**CONFIDENTIAL**",3,7,2008,"**CONFIDENTIAL**",6,11,2008,2,7,2008,3,20,6,10,"**CONFIDENTIAL**",5
"020103088800802","02010300802",2,1,3,8,88,8,2,"**CONFIDENTIAL**",15,6,2008,"**CONFIDENTIAL**",20,6,2008,"**CONFIDENTIAL**",6,11,2008,15,6,2008,3,40,5,15,"**CONFIDENTIAL**",5
"020104088800201","02010400201",2,1,4,8,88,2,1,"**CONFIDENTIAL**",29,6,2008,"**CONFIDENTIAL**",30,6,2008,"**CONFIDENTIAL**",6,11,2008,29,6,2008,2,0,4,10,"**CONFIDENTIAL**",5
"020105088800404","02010500404",2,1,5,8,88,4,4,"**CONFIDENTIAL**",8,6,2008,"**CONFIDENTIAL**",15,6,2008,"**CONFIDENTIAL**",6,11,2008,8,6,2008,8,30,10,20,"**CONFIDENTIAL**",5
"020105088801103","02010501103",2,1,5,8,88,11,3,"**CONFIDENTIAL**",30,6,2008,"**CONFIDENTIAL**",2,7,2008,"**CONFIDENTIAL**",6,11,2008,30,6,2008,8,0,9,30,"**CONFIDENTIAL**",5
"020106088800402","02010600402",2,1,6,8,88,4,2,"**CONFIDENTIAL**",4,7,2008,"**CONFIDENTIAL**",10,7,2008,"**CONFIDENTIAL**",6,11,2008,4,7,2008,4,30,6,30,"**CONFIDENTIAL**",5
"020301030100101","02030100101",2,3,1,3,1,1,1,"**CONFIDENTIAL**",14,6,2008,"**CONFIDENTIAL**",20,6,2008,"**CONFIDENTIAL**",6,11,2008,14,6,2008,6,0,8,45,"**CONFIDENTIAL**",5
"020302088800102","02030200102",2,3,2,8,88,1,2,"**CONFIDENTIAL**",17,6,2008,"**CONFIDENTIAL**",25,6,2008,"**CONFIDENTIAL**",6,11,2008,17,6,2008,2,40,4,48,"**CONFIDENTIAL**",5
"020304088800601","02030400601",2,3,4,8,88,6,1,"**CONFIDENTIAL**",8,6,2008,"**CONFIDENTIAL**",20,6,2008,"**CONFIDENTIAL**",7,11,2008,8,6,2008,4,15,9,0,"**CONFIDENTIAL**",5
"020306088800601","02030600601",2,3,6,8,88,6,1,"**CONFIDENTIAL**",13,6,2008,"**CONFIDENTIAL**",16,7,2008,"**CONFIDENTIAL**",6,11,2008,13,6,2008,2,45,4,55,"**CONFIDENTIAL**",5
"030101088800204","03010100204",3,1,1,8,88,2,4,"**CONFIDENTIAL**",8,7,2008,"**CONFIDENTIAL**",,,,"**CONFIDENTIAL**",8,11,2008,8,7,2008,5,10,6,25,"**CONFIDENTIAL**",14
"030104088800901","03010400901",3,1,4,8,88,9,1,"**CONFIDENTIAL**",8,6,2008,"**CONFIDENTIAL**",,,,"**CONFIDENTIAL**",8,11,2008,8,6,2008,3,15,4,27,"**CONFIDENTIAL**",14
"030108088800701","03010800701",3,1,8,8,88,7,1,"**CONFIDENTIAL**",4,7,2008,"**CONFIDENTIAL**",,,,"**CONFIDENTIAL**",7,11,2008,4,7,2008,3,0,4,50,"**CONFIDENTIAL**",14
"030109020100112","03010900112",3,1,9,2,1,1,12,"**CONFIDENTIAL**",,,,"**CONFIDENTIAL**",,,,"**CONFIDENTIAL**",,,,,,,,,,,"**CONFIDENTIAL**",
"030110088801806","03011001806",3,1,10,8,88,18,6,"**CONFIDENTIAL**",13,6,2008,"**CONFIDENTIAL**",,,,"**CONFIDENTIAL**",7,11,2008,13,6,2008,3,10,6,20,"**CONFIDENTIAL**",14
"030111088800102","03011100102",3,1,11,8,88,1,2,"**CONFIDENTIAL**",10,7,2008,"**CONFIDENTIAL**",,,,"**CONFIDENTIAL**",7,11,2008,10,7,2008,5,0,6,30,"**CONFIDENTIAL**",14
"030112088800203","03011200203",3,1,12,8,88,2,3,"**CONFIDENTIAL**",10,6,2008,"**CONFIDENTIAL**",,,,"**CONFIDENTIAL**",7,11,2008,7,6,2008,2,45,4,13,"**CONFIDENTIAL**",14
"030114088800816","03011400816",3,1,14,8,88,8,16,"**CONFIDENTIAL**",12,6,2008,"**CONFIDENTIAL**",,,,"**CONFIDENTIAL**",7,11,2008,12,6,2008,3,30,6,30,"**CONFIDENTIAL**",14
"030116088802804","03011602804",3,1,16,8,88,28,4,"**CONFIDENTIAL**",11,6,2008,"**CONFIDENTIAL**",,,,"**CONFIDENTIAL**",7,11,2008,11,6,2008,8,10,10,20,"**CONFIDENTIAL**",14
"030118010100610","03011800610",3,1,18,1,1,6,10,"**CONFIDENTIAL**",,,,"**CONFIDENTIAL**",,,,"**CONFIDENTIAL**",,,,,,,,,,,"**CONFIDENTIAL**",
"030118010101204","03011801204",3,1,18,1,1,12,4,"**CONFIDENTIAL**",,,,"**CONFIDENTIAL**",,,,"**CONFIDENTIAL**",,,,,,,,,,,"**CONFIDENTIAL**",
"030118010102006","03011802006",3,1,18,1,1,20,6,"**CONFIDENTIAL**",,,,"**CONFIDENTIAL**",,,,"**CONFIDENTIAL**",,,,,,,,,,,"**CONFIDENTIAL**",
"030120020100105","03012000105",3,1,20,2,1,1,5,"**CONFIDENTIAL**",15,6,2008,"**CONFIDENTIAL**",,,,"**CONFIDENTIAL**",8,11,2008,15,6,2008,3,22,4,45,"**CONFIDENTIAL**",14
"030201088800703","03020100703",3,2,1,8,88,7,3,"**CONFIDENTIAL**",11,7,2008,"**CONFIDENTIAL**",,,,"**CONFIDENTIAL**",8,11,2008,10,7,2008,4,55,6,2,"**CONFIDENTIAL**",14
"030202088802508","03020202508",3,2,2,8,88,25,8,"**CONFIDENTIAL**",12,6,2008,"**CONFIDENTIAL**",,,,"**CONFIDENTIAL**",8,11,2008,11,6,2008,9,30,10,15,"**CONFIDENTIAL**",14
"030204088800906","03020400906",3,2,4,8,88,9,6,"**CONFIDENTIAL**",12,7,2008,"**CONFIDENTIAL**",,,,"**CONFIDENTIAL**",8,11,2008,12,7,2008,4,35,5,45,"**CONFIDENTIAL**",14
"030205088801907","03020501907",3,2,5,8,88,19,7,"**CONFIDENTIAL**",,,2008,"**CONFIDENTIAL**",,,,"**CONFIDENTIAL**",8,11,2008,10,6,2008,3,45,5,30,"**CONFIDENTIAL**",14
"030207010100110","03020700110",3,2,7,1,1,1,10,"**CONFIDENTIAL**",,,,"**CONFIDENTIAL**",,,,"**CONFIDENTIAL**",,,,,,,,,,,"**CONFIDENTIAL**",
"030207088803703","03020703703",3,2,7,8,88,37,3,"**CONFIDENTIAL**",13,6,2008,"**CONFIDENTIAL**",,,,"**CONFIDENTIAL**",8,11,2008,13,6,2008,3,40,5,20,"**CONFIDENTIAL**",14
"030209010100104","03020900104",3,2,9,1,1,1,4,"**CONFIDENTIAL**",11,6,2008,"**CONFIDENTIAL**",,,,"**CONFIDENTIAL**",8,11,2008,11,6,2008,10,31,11,56,"**CONFIDENTIAL**",14
"030209088800708","03020900708",3,2,9,8,88,7,8,"**CONFIDENTIAL**",10,6,2008,"**CONFIDENTIAL**",,,,"**CONFIDENTIAL**",8,11,2008,10,6,2008,9,26,10,42,"**CONFIDENTIAL**",14
"030301088800204","03030100204",3,3,1,8,88,2,4,"**CONFIDENTIAL**",7,6,2008,"**CONFIDENTIAL**",,,,"**CONFIDENTIAL**",13,11,2008,6,6,2008,2,30,6,20,"**CONFIDENTIAL**",10
"030302010100108","03030200108",3,3,2,1,1,1,8,"**CONFIDENTIAL**",8,6,2008,"**CONFIDENTIAL**",,,,"**CONFIDENTIAL**",13,11,2008,8,6,2008,5,0,7,10,"**CONFIDENTIAL**",10
"030302088802104","03030202104",3,3,2,8,88,21,4,"**CONFIDENTIAL**",13,6,2008,"**CONFIDENTIAL**",,,,"**CONFIDENTIAL**",13,11,2008,13,6,2008,9,30,12,10,"**CONFIDENTIAL**",10
"030303088802404","03030302404",3,3,3,8,88,24,4,"**CONFIDENTIAL**",13,6,2008,"**CONFIDENTIAL**",,,,"**CONFIDENTIAL**",13,11,2008,12,6,2008,2,30,6,40,"**CONFIDENTIAL**",10
"030304088800906","03030400906",3,3,4,8,88,9,6,"**CONFIDENTIAL**",15,6,2008,"**CONFIDENTIAL**",,,,"**CONFIDENTIAL**",13,11,2008,,,,,,,,"**CONFIDENTIAL**",
"030305088801101","03030501101",3,3,5,8,88,11,1,"**CONFIDENTIAL**",17,6,2008,"**CONFIDENTIAL**",,,,"**CONFIDENTIAL**",,,,,,,,,,,"**CONFIDENTIAL**",
"030307088801002","03030701002",3,3,7,8,88,10,2,"**CONFIDENTIAL**",18,6,2008,"**CONFIDENTIAL**",,,,"**CONFIDENTIAL**",13,11,2008,,,,,,,,"**CONFIDENTIAL**",
"030308088801617","03030801617",3,3,8,8,88,16,17,"**CONFIDENTIAL**",17,6,2008,"**CONFIDENTIAL**",,,,"**CONFIDENTIAL**",13,11,2008,7,6,2008,3,43,6,58,"**CONFIDENTIAL**",10
"030309010100308","03030900308",3,3,9,1,1,3,8,"**CONFIDENTIAL**",,,,"**CONFIDENTIAL**",,,,"**CONFIDENTIAL**",,,,,,,,,,,"**CONFIDENTIAL**",
"030310088801701","03031001701",3,3,10,8,88,17,1,"**CONFIDENTIAL**",11,6,2008,"**CONFIDENTIAL**",,,,"**CONFIDENTIAL**",13,11,2008,10,6,2008,2,30,6,30,"**CONFIDENTIAL**",10
"030403088801401","03040301401",3,4,3,8,88,14,1,"**CONFIDENTIAL**",8,6,2008,"**CONFIDENTIAL**",,,,"**CONFIDENTIAL**",13,11,2008,8,6,2008,2,30,6,0,"**CONFIDENTIAL**",10
"030406088800801","03040600801",3,4,6,8,88,8,1,"**CONFIDENTIAL**",10,6,2008,"**CONFIDENTIAL**",,,,"**CONFIDENTIAL**",13,11,2008,10,6,2008,2,50,5,0,"**CONFIDENTIAL**",10
"030409088801203","03040901203",3,4,9,8,88,12,3,"**CONFIDENTIAL**",16,6,2008,"**CONFIDENTIAL**",,,,"**CONFIDENTIAL**",13,11,2008,,,,,,,,"**CONFIDENTIAL**",10
"030411088800903","03041100903",3,4,11,8,88,9,3,"**CONFIDENTIAL**",,,,"**CONFIDENTIAL**",,,,"**CONFIDENTIAL**",13,11,2008,15,6,2008,3,40,5,10,"**CONFIDENTIAL**",
"030412010100105","03041200105",3,4,12,1,1,1,5,"**CONFIDENTIAL**",11,6,2008,"**CONFIDENTIAL**",,,,"**CONFIDENTIAL**",13,11,2008,10,6,2008,9,11,11,15,"**CONFIDENTIAL**",
"030414088802101","03041402101",3,4,14,8,88,21,1,"**CONFIDENTIAL**",13,6,2008,"**CONFIDENTIAL**",,,,"**CONFIDENTIAL**",13,11,2008,13,6,2008,3,0,5,20,"**CONFIDENTIAL**",10
"030416088800204","03041600204",3,4,16,8,88,2,4,"**CONFIDENTIAL**",16,6,2008,"**CONFIDENTIAL**",,,,"**CONFIDENTIAL**",13,11,2008,8,6,2008,11,0,12,50,"**CONFIDENTIAL**",10
"030418010100309","03041800309",3,4,18,1,1,3,9,"**CONFIDENTIAL**",,,,"**CONFIDENTIAL**",,,,"**CONFIDENTIAL**",,,,,,,,,,,"**CONFIDENTIAL**",
"030418010100807","03041800807",3,4,18,1,1,8,7,"**CONFIDENTIAL**",,,,"**CONFIDENTIAL**",,,,"**CONFIDENTIAL**",,,,,,,,,,,"**CONFIDENTIAL**",
"030501088801504","03050101504",3,5,1,8,88,15,4,"**CONFIDENTIAL**",16,6,2008,"**CONFIDENTIAL**",,,,"**CONFIDENTIAL**",6,12,2008,16,6,2008,3,40,4,45,"**CONFIDENTIAL**",9
"030504088800305","03050400305",3,5,4,8,88,3,5,"**CONFIDENTIAL**",14,7,2008,"**CONFIDENTIAL**",,,,"**CONFIDENTIAL**",5,12,2008,,,,3,15,4,0,"**CONFIDENTIAL**",9
"030507088801204","03050701204",3,5,7,8,88,12,4,"**CONFIDENTIAL**",17,6,2008,"**CONFIDENTIAL**",,,,"**CONFIDENTIAL**",6,12,2008,17,6,2008,3,0,4,5,"**CONFIDENTIAL**",9
"030508010100106","03050800106",3,5,8,1,1,1,6,"**CONFIDENTIAL**",,,,"**CONFIDENTIAL**",,,,"**CONFIDENTIAL**",,,,,,,,,,,"**CONFIDENTIAL**",
"030509020100104","03050900104",3,5,9,2,1,1,4,"**CONFIDENTIAL**",11,6,2008,"**CONFIDENTIAL**",,,,"**CONFIDENTIAL**",6,12,2008,11,6,2008,2,35,6,30,"**CONFIDENTIAL**",9
"030511088800307","03051100307",3,5,11,8,88,3,7,"**CONFIDENTIAL**",9,6,2008,"**CONFIDENTIAL**",,,,"**CONFIDENTIAL**",6,12,2008,9,6,2008,2,30,6,15,"**CONFIDENTIAL**",9
"030513088800702","03051300702",3,5,13,8,88,7,2,"**CONFIDENTIAL**",9,6,2008,"**CONFIDENTIAL**",,,,"**CONFIDENTIAL**",6,12,2008,9,6,2008,8,30,10,50,"**CONFIDENTIAL**",9
"030515088800703","03051500703",3,5,15,8,88,7,3,"**CONFIDENTIAL**",22,6,2008,"**CONFIDENTIAL**",,,,"**CONFIDENTIAL**",6,12,2008,22,6,2008,9,0,10,30,"**CONFIDENTIAL**",9
"030521088800808","03052100808",3,5,21,8,88,8,8,"**CONFIDENTIAL**",14,6,2008,"**CONFIDENTIAL**",,,,"**CONFIDENTIAL**",5,12,2008,14,6,2008,1,45,4,55,"**CONFIDENTIAL**",9
"030602088802603","03060202603",3,6,2,8,88,26,3,"**CONFIDENTIAL**",6,7,2008,"**CONFIDENTIAL**",,,,"**CONFIDENTIAL**",8,11,2008,6,7,2008,8,0,10,0,"**CONFIDENTIAL**",7
"030604010100202","03060400202",3,6,4,1,1,2,2,"**CONFIDENTIAL**",,,,"**CONFIDENTIAL**",,,,"**CONFIDENTIAL**",,,,,,,,,,,"**CONFIDENTIAL**",
"030604088802001","03060402001",3,6,4,8,88,20,1,"**CONFIDENTIAL**",2,7,2008,"**CONFIDENTIAL**",,,,"**CONFIDENTIAL**",8,11,2008,2,7,2008,5,45,7,0,"**CONFIDENTIAL**",7
"030606088802103","03060602103",3,6,6,8,88,21,3,"**CONFIDENTIAL**",3,7,2008,"**CONFIDENTIAL**",,,,"**CONFIDENTIAL**",8,11,2008,8,7,2008,3,30,5,0,"**CONFIDENTIAL**",3
"030609088801807","03060901807",3,6,9,8,88,18,7,"**CONFIDENTIAL**",6,7,2008,"**CONFIDENTIAL**",,,,"**CONFIDENTIAL**",8,11,2008,6,7,2008,4,20,7,10,"**CONFIDENTIAL**",7
"030611088802207","03061102207",3,6,11,8,88,22,7,"**CONFIDENTIAL**",6,7,2008,"**CONFIDENTIAL**",,,,"**CONFIDENTIAL**",8,11,2008,6,7,2008,8,0,9,30,"**CONFIDENTIAL**",7
"030614010100105","03061400105",3,6,14,1,1,1,5,"**CONFIDENTIAL**",10,7,2008,"**CONFIDENTIAL**",,,,"**CONFIDENTIAL**",8,11,2008,10,7,2008,3,30,4,50,"**CONFIDENTIAL**",7
"030616088801207","03061601207",3,6,16,8,88,12,7,"**CONFIDENTIAL**",5,7,2008,"**CONFIDENTIAL**",,,,"**CONFIDENTIAL**",8,11,2008,5,7,2008,3,0,5,30,"**CONFIDENTIAL**",7
"030701088801406","03070101406",3,7,1,8,88,14,6,"**CONFIDENTIAL**",10,6,2008,"**CONFIDENTIAL**",,,,"**CONFIDENTIAL**",7,11,2008,9,6,2008,6,0,7,0,"**CONFIDENTIAL**",7
"030703088800105","03070300105",3,7,3,8,88,1,5,"**CONFIDENTIAL**",11,7,2008,"**CONFIDENTIAL**",,,,"**CONFIDENTIAL**",7,11,2008,11,7,2008,8,0,9,15,"**CONFIDENTIAL**",7
"030704088801302","03070401302",3,7,4,8,88,13,2,"**CONFIDENTIAL**",10,7,2008,"**CONFIDENTIAL**",,,,"**CONFIDENTIAL**",7,11,2008,6,7,2008,4,16,5,23,"**CONFIDENTIAL**",7
"030705010100105","03070500105",3,7,5,1,1,1,5,"**CONFIDENTIAL**",1,7,2008,"**CONFIDENTIAL**",,,,"**CONFIDENTIAL**",7,11,2008,1,7,2008,8,15,10,50,"**CONFIDENTIAL**",7
"030705088802405","03070502405",3,7,5,8,88,24,5,"**CONFIDENTIAL**",6,7,2008,"**CONFIDENTIAL**",,,,"**CONFIDENTIAL**",7,11,2008,6,7,2008,4,10,5,55,"**CONFIDENTIAL**",7
"030708020100211","03070800211",3,7,8,2,1,2,11,"**CONFIDENTIAL**",,,,"**CONFIDENTIAL**",,,,"**CONFIDENTIAL**",,,,,,,,,,,"**CONFIDENTIAL**",
"030708088801402","03070801402",3,7,8,8,88,14,2,"**CONFIDENTIAL**",7,7,2008,"**CONFIDENTIAL**",,,,"**CONFIDENTIAL**",7,11,2008,7,7,2008,3,0,5,5,"**CONFIDENTIAL**",7
"030710088801703","03071001703",3,7,10,8,88,17,3,"**CONFIDENTIAL**",8,6,2008,"**CONFIDENTIAL**",,,,"**CONFIDENTIAL**",7,11,2008,8,6,2008,10,45,12,0,"**CONFIDENTIAL**",7
"030713088801304","03071301304",3,7,13,8,88,13,4,"**CONFIDENTIAL**",4,7,2008,"**CONFIDENTIAL**",,,,"**CONFIDENTIAL**",7,11,2008,4,7,2008,7,55,9,5,"**CONFIDENTIAL**",7
"030802088801503","03080201503",3,8,2,8,88,15,3,"**CONFIDENTIAL**",17,6,2008,"**CONFIDENTIAL**",,,,"**CONFIDENTIAL**",10,11,2008,,,,,,,,"**CONFIDENTIAL**",10
"030803010100107","03080300107",3,8,3,1,1,1,7,"**CONFIDENTIAL**",15,8,2008,"**CONFIDENTIAL**",,,,"**CONFIDENTIAL**",10,11,2008,,,,,,,,"**CONFIDENTIAL**",
"030803088800603","03080300603",3,8,3,8,88,6,3,"**CONFIDENTIAL**",18,6,2008,"**CONFIDENTIAL**",,,,"**CONFIDENTIAL**",10,11,2008,,,,,,,,"**CONFIDENTIAL**",10
"030804088800503","03080400503",3,8,4,8,88,5,3,"**CONFIDENTIAL**",13,6,2008,"**CONFIDENTIAL**",,,,"**CONFIDENTIAL**",10,11,2008,,,,,,,,"**CONFIDENTIAL**",10
"030901088801202","03090101202",3,9,1,8,88,12,2,"**CONFIDENTIAL**",3,7,2008,"**CONFIDENTIAL**",,,,"**CONFIDENTIAL**",6,11,2008,3,7,2008,3,40,9,35,"**CONFIDENTIAL**",7
"030902088802501","03090202501",3,9,2,8,88,25,1,"**CONFIDENTIAL**",7,7,2008,"**CONFIDENTIAL**",,,,"**CONFIDENTIAL**",6,11,2008,7,7,2008,4,5,5,15,"**CONFIDENTIAL**",7
"030902088803201","03090203201",3,9,2,8,88,32,1,"**CONFIDENTIAL**",4,7,2008,"**CONFIDENTIAL**",,,,"**CONFIDENTIAL**",6,11,2008,4,7,2008,4,20,5,50,"**CONFIDENTIAL**",7
"030903080100101","03090300101",3,9,3,8,1,1,1,"**CONFIDENTIAL**",,,,"**CONFIDENTIAL**",,,,"**CONFIDENTIAL**",,,,,,,,,,,"**CONFIDENTIAL**",
"030904088800702","03090400702",3,9,4,8,88,7,2,"**CONFIDENTIAL**",9,7,2008,"**CONFIDENTIAL**",,,,"**CONFIDENTIAL**",6,11,2008,8,6,2008,2,45,4,10,"**CONFIDENTIAL**",7
"030905088801102","03090501102",3,9,5,8,88,11,2,"**CONFIDENTIAL**",3,7,2008,"**CONFIDENTIAL**",,,,"**CONFIDENTIAL**",7,11,2008,4,7,2008,3,0,8,20,"**CONFIDENTIAL**",7
"030906020100105","03090600105",3,9,6,2,1,1,5,"**CONFIDENTIAL**",7,7,2008,"**CONFIDENTIAL**",,,,"**CONFIDENTIAL**",6,11,2008,16,6,2008,4,15,7,45,"**CONFIDENTIAL**",7
"031001088801106","03100101106",3,10,1,8,88,11,6,"**CONFIDENTIAL**",10,6,2008,"**CONFIDENTIAL**",,,,"**CONFIDENTIAL**",13,11,2008,7,6,2008,9,40,11,20,"**CONFIDENTIAL**",10
"031002088801601","03100201601",3,10,2,8,88,16,1,"**CONFIDENTIAL**",14,6,2008,"**CONFIDENTIAL**",,,,"**CONFIDENTIAL**",13,11,2008,14,6,2008,3,0,5,10,"**CONFIDENTIAL**",10
"031004010100103","03100400103",3,10,4,1,1,1,3,"**CONFIDENTIAL**",9,7,2008,"**CONFIDENTIAL**",,,,"**CONFIDENTIAL**",6,12,2008,9,7,2008,3,10,4,6,"**CONFIDENTIAL**",9
"031004088800408","03100400408",3,10,4,8,88,4,8,"**CONFIDENTIAL**",14,6,2008,"**CONFIDENTIAL**",,,,"**CONFIDENTIAL**",6,12,2008,14,6,2008,9,0,11,30,"**CONFIDENTIAL**",9
"031101010100318","03110100318",3,11,1,1,1,3,18,"**CONFIDENTIAL**",,,,"**CONFIDENTIAL**",,,,"**CONFIDENTIAL**",,,,,,,,,,,"**CONFIDENTIAL**",
"031101010100719","03110100719",3,11,1,1,1,7,19,"**CONFIDENTIAL**",,,,"**CONFIDENTIAL**",,,,"**CONFIDENTIAL**",,,,,,,,,,,"**CONFIDENTIAL**",
"031101010101201","03110101201",3,11,1,1,1,12,1,"**CONFIDENTIAL**",,,,"**CONFIDENTIAL**",,,,"**CONFIDENTIAL**",,,,,,,,,,,"**CONFIDENTIAL**",
"031201088800101","03120100101",3,12,1,8,88,1,1,"**CONFIDENTIAL**",10,6,2008,"**CONFIDENTIAL**",,,,"**CONFIDENTIAL**",12,11,2008,10,6,2008,3,10,5,50,"**CONFIDENTIAL**",10
"031201088800303","03120100303",3,12,1,8,88,3,3,"**CONFIDENTIAL**",13,6,2008,"**CONFIDENTIAL**",,,,"**CONFIDENTIAL**",,,2008,13,6,2008,3,20,5,0,"**CONFIDENTIAL**",10
"031201088800504","03120100504",3,12,1,8,88,5,4,"**CONFIDENTIAL**",11,6,2008,"**CONFIDENTIAL**",,,,"**CONFIDENTIAL**",12,11,2008,11,6,2008,11,20,12,50,"**CONFIDENTIAL**",
"040101088802202","04010102202",4,1,1,8,88,22,2,"**CONFIDENTIAL**",16,6,2008,"**CONFIDENTIAL**",27,7,2008,"**CONFIDENTIAL**",8,11,2008,16,6,2008,9,35,10,15,"**CONFIDENTIAL**",23
"040106088801302","04010601302",4,1,6,8,88,13,2,"**CONFIDENTIAL**",16,6,2008,"**CONFIDENTIAL**",28,7,2008,"**CONFIDENTIAL**",8,11,2008,16,6,2008,4,0,6,0,"**CONFIDENTIAL**",23
"040113088800501","04011300501",4,1,13,8,88,5,1,"**CONFIDENTIAL**",10,6,2008,"**CONFIDENTIAL**",27,6,2008,"**CONFIDENTIAL**",8,11,2008,10,6,2008,8,36,9,51,"**CONFIDENTIAL**",23
"040116020100103","04011600103",4,1,16,2,1,1,3,"**CONFIDENTIAL**",15,6,2008,"**CONFIDENTIAL**",28,7,2008,"**CONFIDENTIAL**",8,11,2008,15,6,2008,10,0,11,30,"**CONFIDENTIAL**",23
"040117010100211","04011700211",4,1,17,1,1,2,11,"**CONFIDENTIAL**",,,,"**CONFIDENTIAL**",,,,"**CONFIDENTIAL**",,,,,,,,,,,"**CONFIDENTIAL**",
"040118088802402","04011802402",4,1,18,8,88,24,2,"**CONFIDENTIAL**",8,6,2008,"**CONFIDENTIAL**",27,7,2008,"**CONFIDENTIAL**",8,11,2008,8,6,2008,6,15,8,18,"**CONFIDENTIAL**",23
"040204088801105","04020401105",4,2,4,8,88,11,5,"**CONFIDENTIAL**",3,7,2008,"**CONFIDENTIAL**",28,7,2008,"**CONFIDENTIAL**",8,11,2008,3,7,2008,4,45,10,5,"**CONFIDENTIAL**",23
"040210088801102","04021001102",4,2,10,8,88,11,2,"**CONFIDENTIAL**",2,7,2008,"**CONFIDENTIAL**",8,7,2008,"**CONFIDENTIAL**",8,11,2008,2,7,2008,6,30,8,25,"**CONFIDENTIAL**",23
"040214010200204","04021400204",4,2,14,1,2,2,4,"**CONFIDENTIAL**",14,6,2008,"**CONFIDENTIAL**",28,7,2008,"**CONFIDENTIAL**",8,11,2008,14,6,2008,8,0,10,30,"**CONFIDENTIAL**",23
"040214088801801","04021401801",4,2,14,8,88,18,1,"**CONFIDENTIAL**",14,6,2008,"**CONFIDENTIAL**",28,7,2008,"**CONFIDENTIAL**",8,11,2008,14,6,2008,8,0,12,0,"**CONFIDENTIAL**",23
"040302088801803","04030201803",4,3,2,8,88,18,3,"**CONFIDENTIAL**",6,7,2008,"**CONFIDENTIAL**",,,,"**CONFIDENTIAL**",9,11,2008,6,7,2008,9,20,12,10,"**CONFIDENTIAL**",19
"040308010100108","04030800108",4,3,8,1,1,1,8,"**CONFIDENTIAL**",12,7,2008,"**CONFIDENTIAL**",,,,"**CONFIDENTIAL**",9,11,2008,13,7,2008,3,20,5,15,"**CONFIDENTIAL**",19
"040308088800401","04030800401",4,3,8,8,88,4,1,"**CONFIDENTIAL**",12,7,2008,"**CONFIDENTIAL**",,,,"**CONFIDENTIAL**",9,11,2008,12,7,2008,4,15,7,5,"**CONFIDENTIAL**",19
"040314088800602","04031400602",4,3,14,8,88,6,2,"**CONFIDENTIAL**",,,,"**CONFIDENTIAL**",,,,"**CONFIDENTIAL**",9,11,2008,,,,6,30,7,40,"**CONFIDENTIAL**",
"040321010100214","04032100214",4,3,21,1,1,2,14,"**CONFIDENTIAL**",,,,"**CONFIDENTIAL**",,,,"**CONFIDENTIAL**",,,,,,,,,,,"**CONFIDENTIAL**",
"040401088801103","04040101103",4,4,1,8,88,11,3,"**CONFIDENTIAL**",12,6,2008,"**CONFIDENTIAL**",,,,"**CONFIDENTIAL**",9,11,2008,12,6,2008,3,30,5,11,"**CONFIDENTIAL**",19
"040405088801902","04040501902",4,4,5,8,88,19,2,"**CONFIDENTIAL**",14,7,2008,"**CONFIDENTIAL**",,,,"**CONFIDENTIAL**",9,11,2008,14,7,2008,4,20,6,45,"**CONFIDENTIAL**",19
"040410088800701","04041000701",4,4,10,8,88,7,1,"**CONFIDENTIAL**",17,7,2008,"**CONFIDENTIAL**",,,,"**CONFIDENTIAL**",9,11,2008,17,7,2008,5,10,7,20,"**CONFIDENTIAL**",19
"040412010100104","04041200104",4,4,12,1,1,1,4,"**CONFIDENTIAL**",4,7,2008,"**CONFIDENTIAL**",,,,"**CONFIDENTIAL**",9,11,2008,4,7,2008,4,20,6,20,"**CONFIDENTIAL**",19
"040414088801702","04041401702",4,4,14,8,88,17,2,"**CONFIDENTIAL**",2,7,2008,"**CONFIDENTIAL**",,,,"**CONFIDENTIAL**",9,11,2008,2,6,2008,4,10,5,45,"**CONFIDENTIAL**",
"040503088803104","04050303104",4,5,3,8,88,31,4,"**CONFIDENTIAL**",13,6,2008,"**CONFIDENTIAL**",,,,"**CONFIDENTIAL**",15,12,2008,13,6,2008,4,35,7,27,"**CONFIDENTIAL**",3
"040508088803103","04050803103",4,5,8,8,88,31,3,"**CONFIDENTIAL**",10,6,2008,"**CONFIDENTIAL**",,,,"**CONFIDENTIAL**",15,12,2008,10,6,2008,1,28,4,20,"**CONFIDENTIAL**",3
"040512010100104","04051200104",4,5,12,1,1,1,4,"**CONFIDENTIAL**",8,7,2008,"**CONFIDENTIAL**",,,,"**CONFIDENTIAL**",6,12,2008,8,7,2008,3,10,5,5,"**CONFIDENTIAL**",
"040513088802405","04051302405",4,5,13,8,88,24,5,"**CONFIDENTIAL**",8,7,2008,"**CONFIDENTIAL**",,,,"**CONFIDENTIAL**",15,12,2008,8,6,2008,3,20,6,45,"**CONFIDENTIAL**",3
"040520010100113","04052000113",4,5,20,1,1,1,13,"**CONFIDENTIAL**",,,,"**CONFIDENTIAL**",,,,"**CONFIDENTIAL**",,,,,,,,,,,"**CONFIDENTIAL**",
"040601020100102","04060100102",4,6,1,2,1,1,2,"**CONFIDENTIAL**",,,,"**CONFIDENTIAL**",,,,"**CONFIDENTIAL**",,,,,,,,,,,"**CONFIDENTIAL**",
"040601088802303","04060102303",4,6,1,8,88,23,3,"**CONFIDENTIAL**",8,6,2008,"**CONFIDENTIAL**",,,,"**CONFIDENTIAL**",6,12,2008,8,6,2008,4,30,6,50,"**CONFIDENTIAL**",3
"040605088801004","04060501004",4,6,5,8,88,10,4,"**CONFIDENTIAL**",,,,"**CONFIDENTIAL**",,,,"**CONFIDENTIAL**",,,,,,,,,,,"**CONFIDENTIAL**",
"040608088801902","04060801902",4,6,8,8,88,19,2,"**CONFIDENTIAL**",3,7,2008,"**CONFIDENTIAL**",,,,"**CONFIDENTIAL**",6,12,2008,3,7,2008,7,0,8,30,"**CONFIDENTIAL**",3
"040701088801502","04070101502",4,7,1,8,88,15,2,"**CONFIDENTIAL**",29,6,2008,"**CONFIDENTIAL**",,,,"**CONFIDENTIAL**",9,11,2008,29,6,2008,7,10,8,5,"**CONFIDENTIAL**",1
"040704088801002","04070401002",4,7,4,8,88,10,2,"**CONFIDENTIAL**",28,6,2008,"**CONFIDENTIAL**",,,,"**CONFIDENTIAL**",,,,,,,,,,,"**CONFIDENTIAL**",
"040707010100104","04070700104",4,7,7,1,1,1,4,"**CONFIDENTIAL**",,,,"**CONFIDENTIAL**",,,,"**CONFIDENTIAL**",,,,,,,,,,,"**CONFIDENTIAL**",
"040707088802702","04070702702",4,7,7,8,88,27,2,"**CONFIDENTIAL**",15,5,2008,"**CONFIDENTIAL**",,,,"**CONFIDENTIAL**",9,11,2008,15,5,2008,4,0,4,30,"**CONFIDENTIAL**",1
"040712088802302","04071202302",4,7,12,8,88,23,2,"**CONFIDENTIAL**",23,6,2008,"**CONFIDENTIAL**",,,,"**CONFIDENTIAL**",9,11,2008,23,6,2008,4,30,6,45,"**CONFIDENTIAL**",1
"040713010100209","04071300209",4,7,13,1,1,2,9,"**CONFIDENTIAL**",,,,"**CONFIDENTIAL**",,,,"**CONFIDENTIAL**",,,,,,,,,,,"**CONFIDENTIAL**",
"040806088800802","04080600802",4,8,6,8,88,8,2,"**CONFIDENTIAL**",,,,"**CONFIDENTIAL**",,,,"**CONFIDENTIAL**",,,,,,,,,,,"**CONFIDENTIAL**",
"040808010100107","04080800107",4,8,8,1,1,1,7,"**CONFIDENTIAL**",28,7,2008,"**CONFIDENTIAL**",,,,"**CONFIDENTIAL**",9,11,2008,28,7,2008,3,47,6,8,"**CONFIDENTIAL**",1
"040812088802401","04081202401",4,8,12,8,88,24,1,"**CONFIDENTIAL**",24,6,2008,"**CONFIDENTIAL**",,,,"**CONFIDENTIAL**",9,11,2008,24,6,2008,5,41,7,49,"**CONFIDENTIAL**",1
"040817088802801","04081702801",4,8,17,8,88,28,1,"**CONFIDENTIAL**",1,7,2008,"**CONFIDENTIAL**",,,,"**CONFIDENTIAL**",9,11,2008,1,7,2008,4,17,6,20,"**CONFIDENTIAL**",1
"040825010100102","04082500102",4,8,25,1,1,1,2,"**CONFIDENTIAL**",,,,"**CONFIDENTIAL**",,,,"**CONFIDENTIAL**",,,,,,,,,,,"**CONFIDENTIAL**",
"040901088800304","04090100304",4,9,1,8,88,3,4,"**CONFIDENTIAL**",9,6,2008,"**CONFIDENTIAL**",,,,"**CONFIDENTIAL**",8,11,2008,9,6,2008,2,30,5,30,"**CONFIDENTIAL**",8
"040907088800105","04090700105",4,9,7,8,88,1,5,"**CONFIDENTIAL**",10,6,2008,"**CONFIDENTIAL**",,,,"**CONFIDENTIAL**",8,11,2008,10,6,2008,3,30,6,30,"**CONFIDENTIAL**",8
"040909010100105","04090900105",4,9,9,1,1,1,5,"**CONFIDENTIAL**",3,7,2008,"**CONFIDENTIAL**",,,,"**CONFIDENTIAL**",8,11,2008,3,7,2008,3,32,6,27,"**CONFIDENTIAL**",8
"040910088801104","04091001104",4,9,10,8,88,11,4,"**CONFIDENTIAL**",7,7,2008,"**CONFIDENTIAL**",,,,"**CONFIDENTIAL**",8,11,2008,7,7,2008,3,20,7,30,"**CONFIDENTIAL**",8
"040913088801004","04091301004",4,9,13,8,88,10,4,"**CONFIDENTIAL**",1,7,2008,"**CONFIDENTIAL**",,,,"**CONFIDENTIAL**",8,11,2008,1,7,2008,3,10,6,20,"**CONFIDENTIAL**",8
"040914010100212","04091400212",4,9,14,1,1,2,12,"**CONFIDENTIAL**",,,,"**CONFIDENTIAL**",,,,"**CONFIDENTIAL**",,,,,,,,,,,"**CONFIDENTIAL**",
"041005088800403","04100500403",4,10,5,8,88,4,3,"**CONFIDENTIAL**",28,6,2008,"**CONFIDENTIAL**",,,,"**CONFIDENTIAL**",9,11,2008,8,6,2008,8,5,9,15,"**CONFIDENTIAL**",15
"041009088803605","04100903605",4,10,9,8,88,36,5,"**CONFIDENTIAL**",14,6,2008,"**CONFIDENTIAL**",,,,"**CONFIDENTIAL**",6,11,2008,13,6,2008,2,30,7,0,"**CONFIDENTIAL**",8
"041013088802203","04101302203",4,10,13,8,88,22,3,"**CONFIDENTIAL**",12,7,2008,"**CONFIDENTIAL**",,,,"**CONFIDENTIAL**",9,11,2008,12,,2008,5,0,6,30,"**CONFIDENTIAL**",15
"041016088800104","04101600104",4,10,16,8,88,1,4,"**CONFIDENTIAL**",15,7,2008,"**CONFIDENTIAL**",,,,"**CONFIDENTIAL**",9,11,2008,15,,2008,5,0,7,30,"**CONFIDENTIAL**",15
"041104088801304","04110401304",4,11,4,8,88,13,4,"**CONFIDENTIAL**",15,7,2008,"**CONFIDENTIAL**",16,7,2008,"**CONFIDENTIAL**",9,11,2008,11,7,2008,3,20,4,40,"**CONFIDENTIAL**",13
"041108088801402","04110801402",4,11,8,8,88,14,2,"**CONFIDENTIAL**",15,7,2008,"**CONFIDENTIAL**",,,,"**CONFIDENTIAL**",9,11,2008,13,7,2008,3,10,7,45,"**CONFIDENTIAL**",13
"041112088800402","04111200402",4,11,12,8,88,4,2,"**CONFIDENTIAL**",16,7,2008,"**CONFIDENTIAL**",17,7,2008,"**CONFIDENTIAL**",9,11,2008,6,7,2008,3,40,5,35,"**CONFIDENTIAL**",13
"041116088801404","04111601404",4,11,16,8,88,14,4,"**CONFIDENTIAL**",14,7,2008,"**CONFIDENTIAL**",,,,"**CONFIDENTIAL**",9,11,2008,11,7,2008,4,35,8,55,"**CONFIDENTIAL**",13
"041118088800102","04111800102",4,11,18,8,88,1,2,"**CONFIDENTIAL**",7,7,2008,"**CONFIDENTIAL**",,,,"**CONFIDENTIAL**",9,11,2008,11,7,2008,3,15,9,0,"**CONFIDENTIAL**",13
"041119010100317","04111900317",4,11,19,1,1,3,17,"**CONFIDENTIAL**",,,,"**CONFIDENTIAL**",,,,"**CONFIDENTIAL**",,,,,,,,,,,"**CONFIDENTIAL**",
"041206088802801","04120602801",4,12,6,8,88,28,1,"**CONFIDENTIAL**",10,7,2008,"**CONFIDENTIAL**",21,7,2008,"**CONFIDENTIAL**",9,11,2008,12,6,2008,3,20,5,0,"**CONFIDENTIAL**",22
"041211088801301","04121101301",4,12,11,8,88,13,1,"**CONFIDENTIAL**",18,6,2008,"**CONFIDENTIAL**",,,,"**CONFIDENTIAL**",9,11,2008,18,6,2008,3,0,5,0,"**CONFIDENTIAL**",16
"041216088800101","04121600101",4,12,16,8,88,1,1,"**CONFIDENTIAL**",13,6,2008,"**CONFIDENTIAL**",,,,"**CONFIDENTIAL**",9,11,2008,13,6,2008,4,0,6,30,"**CONFIDENTIAL**",16
"041302088801103","04130201103",4,13,2,8,88,11,3,"**CONFIDENTIAL**",12,6,2008,"**CONFIDENTIAL**",,,,"**CONFIDENTIAL**",15,12,2008,8,8,2008,4,0,6,0,"**CONFIDENTIAL**",3
"041305010100102","04130500102",4,13,5,1,1,1,2,"**CONFIDENTIAL**",15,6,2008,"**CONFIDENTIAL**",,,,"**CONFIDENTIAL**",15,12,2008,5,6,2008,3,30,6,0,"**CONFIDENTIAL**",3
"041306088800204","04130600204",4,13,6,8,88,2,4,"**CONFIDENTIAL**",5,7,2008,"**CONFIDENTIAL**",,,,"**CONFIDENTIAL**",6,12,2008,5,7,2008,4,15,6,35,"**CONFIDENTIAL**",3
"041309088801003","04130901003",4,13,9,8,88,10,3,"**CONFIDENTIAL**",6,6,2008,"**CONFIDENTIAL**",,,,"**CONFIDENTIAL**",15,12,2008,12,6,2008,2,10,7,20,"**CONFIDENTIAL**",3
"041314010100306","04131400306",4,13,14,1,1,3,6,"**CONFIDENTIAL**",,,,"**CONFIDENTIAL**",,,,"**CONFIDENTIAL**",,,,,,,,,,,"**CONFIDENTIAL**",
"041402088802701","04140202701",4,14,2,8,88,27,1,"**CONFIDENTIAL**",9,6,2008,"**CONFIDENTIAL**",,,,"**CONFIDENTIAL**",12,11,2008,8,6,2008,3,45,6,0,"**CONFIDENTIAL**",22
"041405088801906","04140501906",4,14,5,8,88,19,6,"**CONFIDENTIAL**",9,6,2008,"**CONFIDENTIAL**",21,7,2008,"**CONFIDENTIAL**",12,11,2008,9,6,2008,3,0,5,15,"**CONFIDENTIAL**",22
"041409088800501","04140900501",4,14,9,8,88,5,1,"**CONFIDENTIAL**",10,7,2008,"**CONFIDENTIAL**",21,7,2008,"**CONFIDENTIAL**",12,11,2008,15,6,2008,5,40,6,25,"**CONFIDENTIAL**",22
"041501010100115","04150100115",4,15,1,1,1,1,15,"**CONFIDENTIAL**",,,,"**CONFIDENTIAL**",,,,"**CONFIDENTIAL**",,,,,,,,,,,"**CONFIDENTIAL**",
"041501010100331","04150100331",4,15,1,1,1,3,31,"**CONFIDENTIAL**",,,,"**CONFIDENTIAL**",,,,"**CONFIDENTIAL**",,,,,,,,,,,"**CONFIDENTIAL**",
"041501010100524","04150100524",4,15,1,1,1,5,24,"**CONFIDENTIAL**",,,,"**CONFIDENTIAL**",,,,"**CONFIDENTIAL**",,,,,,,,,,,"**CONFIDENTIAL**",
"041501010100918","04150100918",4,15,1,1,1,9,18,"**CONFIDENTIAL**",,,,"**CONFIDENTIAL**",,,,"**CONFIDENTIAL**",,,,,,,,,,,"**CONFIDENTIAL**",
"041501010101124","04150101124",4,15,1,1,1,11,24,"**CONFIDENTIAL**",,,,"**CONFIDENTIAL**",,,,"**CONFIDENTIAL**",,,,,,,,,,,"**CONFIDENTIAL**",
"041501010101430","04150101430",4,15,1,1,1,14,30,"**CONFIDENTIAL**",,,,"**CONFIDENTIAL**",,,,"**CONFIDENTIAL**",,,,,,,,,,,"**CONFIDENTIAL**",
"041601010100603","04160100603",4,16,1,1,1,6,3,"**CONFIDENTIAL**",,,,"**CONFIDENTIAL**",,,,"**CONFIDENTIAL**",,,,,,,,,,,"**CONFIDENTIAL**",
"041601010101109","04160101109",4,16,1,1,1,11,9,"**CONFIDENTIAL**",,,,"**CONFIDENTIAL**",,,,"**CONFIDENTIAL**",,,,,,,,,,,"**CONFIDENTIAL**",
"041703088801901","04170301901",4,17,3,8,88,19,1,"**CONFIDENTIAL**",23,6,2008,"**CONFIDENTIAL**",,,,"**CONFIDENTIAL**",12,11,2008,23,6,2008,5,0,5,20,"**CONFIDENTIAL**",1
"041706010100124","04170600124",4,17,6,1,1,1,24,"**CONFIDENTIAL**",,,,"**CONFIDENTIAL**",,,,"**CONFIDENTIAL**",,,,,,,,,,,"**CONFIDENTIAL**",
"041707088800204","04170700204",4,17,7,8,88,2,4,"**CONFIDENTIAL**",12,7,2008,"**CONFIDENTIAL**",13,7,2008,"**CONFIDENTIAL**",12,11,2008,13,7,2008,3,30,4,25,"**CONFIDENTIAL**",13
"041711010100202","04171100202",4,17,11,1,1,2,2,"**CONFIDENTIAL**",,,,"**CONFIDENTIAL**",,,,"**CONFIDENTIAL**",,,,,,,,,,,"**CONFIDENTIAL**",
"041711010100511","04171100511",4,17,11,1,1,5,11,"**CONFIDENTIAL**",,,,"**CONFIDENTIAL**",,,,"**CONFIDENTIAL**",,,,,,,,,,,"**CONFIDENTIAL**",
"041712088800807","04171200807",4,17,12,8,88,8,7,"**CONFIDENTIAL**",18,6,2008,"**CONFIDENTIAL**",,,,"**CONFIDENTIAL**",12,11,2008,18,6,2008,4,0,5,0,"**CONFIDENTIAL**",1
"041803088801004","04180301004",4,18,3,8,88,10,4,"**CONFIDENTIAL**",12,6,2008,"**CONFIDENTIAL**",27,7,2008,"**CONFIDENTIAL**",8,11,2008,14,6,2008,4,0,7,30,"**CONFIDENTIAL**",23
"041807088801106","04180701106",4,18,7,8,88,11,6,"**CONFIDENTIAL**",14,6,2008,"**CONFIDENTIAL**",27,6,2008,"**CONFIDENTIAL**",8,11,2008,7,6,2008,4,30,7,30,"**CONFIDENTIAL**",23
"041901088800103","04190100103",4,19,1,8,88,1,3,"**CONFIDENTIAL**",15,6,2008,"**CONFIDENTIAL**",27,7,2008,"**CONFIDENTIAL**",8,11,2008,15,6,2008,1,20,3,10,"**CONFIDENTIAL**",23
"041904088800101","04190400101",4,19,4,8,88,1,1,"**CONFIDENTIAL**",12,6,2008,"**CONFIDENTIAL**",27,7,2008,"**CONFIDENTIAL**",8,11,2008,12,6,2008,4,0,7,30,"**CONFIDENTIAL**",
"041908088800704","04190800704",4,19,8,8,88,7,4,"**CONFIDENTIAL**",10,6,2008,"**CONFIDENTIAL**",27,7,2008,"**CONFIDENTIAL**",8,11,2008,10,6,2008,3,0,6,5,"**CONFIDENTIAL**",23
"050101088800902","05010100902",5,1,1,8,88,9,2,"**CONFIDENTIAL**",17,6,2008,"**CONFIDENTIAL**",,,,"**CONFIDENTIAL**",5,12,2008,17,6,2008,2,0,3,49,"**CONFIDENTIAL**",11
"050102010100101","05010200101",5,1,2,1,1,1,1,"**CONFIDENTIAL**",15,6,2008,"**CONFIDENTIAL**",,,,"**CONFIDENTIAL**",5,12,2008,,,2008,2,15,5,45,"**CONFIDENTIAL**",11
"050102088802401","05010202401",5,1,2,8,88,24,1,"**CONFIDENTIAL**",16,6,2008,"**CONFIDENTIAL**",,,,"**CONFIDENTIAL**",5,12,2008,13,6,2008,8,35,9,53,"**CONFIDENTIAL**",11
"050103088801101","05010301101",5,1,3,8,88,11,1,"**CONFIDENTIAL**",16,6,2008,"**CONFIDENTIAL**",,,,"**CONFIDENTIAL**",5,12,2008,16,6,2008,3,25,5,5,"**CONFIDENTIAL**",
"050104088801102","05010401102",5,1,4,8,88,11,2,"**CONFIDENTIAL**",6,7,2008,"**CONFIDENTIAL**",,,,"**CONFIDENTIAL**",5,12,2008,10,6,2008,4,0,6,10,"**CONFIDENTIAL**",11
"050104088801701","05010401701",5,1,4,8,88,17,1,"**CONFIDENTIAL**",8,7,2008,"**CONFIDENTIAL**",,,,"**CONFIDENTIAL**",5,12,2008,14,6,2008,3,0,5,15,"**CONFIDENTIAL**",11
"050202088800102","05020200102",5,2,2,8,88,1,2,"**CONFIDENTIAL**",,,,"**CONFIDENTIAL**",,,,"**CONFIDENTIAL**",3,13,2008,14,6,2008,2,30,7,0,"**CONFIDENTIAL**",18
"050202088801001","05020201001",5,2,2,8,88,10,1,"**CONFIDENTIAL**",15,6,2008,"**CONFIDENTIAL**",,,,"**CONFIDENTIAL**",2,13,2008,10,6,2008,2,10,7,30,"**CONFIDENTIAL**",18
"050204010100624","05020400624",5,2,4,1,1,6,24,"**CONFIDENTIAL**",,,,"**CONFIDENTIAL**",,,,"**CONFIDENTIAL**",,,,,,,,,,,"**CONFIDENTIAL**",
"050204088808901","05020408901",5,2,4,8,88,89,1,"**CONFIDENTIAL**",18,6,2008,"**CONFIDENTIAL**",,,,"**CONFIDENTIAL**",2,13,2008,18,6,2008,3,5,6,30,"**CONFIDENTIAL**",18
"050204088816502","05020416502",5,2,4,8,88,165,2,"**CONFIDENTIAL**",29,6,2008,"**CONFIDENTIAL**",,,,"**CONFIDENTIAL**",2,13,2008,27,6,2008,4,0,8,30,"**CONFIDENTIAL**",18
"050206010100202","05020600202",5,2,6,1,1,2,2,"**CONFIDENTIAL**",,,,"**CONFIDENTIAL**",,,,"**CONFIDENTIAL**",,,,,,,,,,,"**CONFIDENTIAL**",
"050206010100310","05020600310",5,2,6,1,1,3,10,"**CONFIDENTIAL**",,,,"**CONFIDENTIAL**",,,,"**CONFIDENTIAL**",,,,,,,,,,,"**CONFIDENTIAL**",
"050206088800901","05020600901",5,2,6,8,88,9,1,"**CONFIDENTIAL**",14,6,2008,"**CONFIDENTIAL**",,,,"**CONFIDENTIAL**",2,13,2008,14,6,2008,5,0,6,5,"**CONFIDENTIAL**",18
"050206088802801","05020602801",5,2,6,8,88,28,1,"**CONFIDENTIAL**",10,6,2008,"**CONFIDENTIAL**",,,,"**CONFIDENTIAL**",2,13,2008,10,6,2008,2,10,6,35,"**CONFIDENTIAL**",18
"050206088803803","05020603803",5,2,6,8,88,38,3,"**CONFIDENTIAL**",12,6,2008,"**CONFIDENTIAL**",,,,"**CONFIDENTIAL**",2,13,2008,12,6,2008,2,50,6,10,"**CONFIDENTIAL**",18
"050207088804801","05020704801",5,2,7,8,88,48,1,"**CONFIDENTIAL**",17,6,2008,"**CONFIDENTIAL**",,,,"**CONFIDENTIAL**",2,13,2008,16,6,2008,4,15,6,0,"**CONFIDENTIAL**",18
"050207088809201","05020709201",5,2,7,8,88,92,1,"**CONFIDENTIAL**",19,6,2008,"**CONFIDENTIAL**",,,,"**CONFIDENTIAL**",2,13,2008,18,6,2008,3,20,4,50,"**CONFIDENTIAL**",18
"050901088800907","05090100907",5,9,1,8,88,9,7,"**CONFIDENTIAL**",14,7,2008,"**CONFIDENTIAL**",21,7,2008,"**CONFIDENTIAL**",13,11,2008,14,7,2008,5,12,6,30,"**CONFIDENTIAL**",22
"050901088802802","05090102802",5,9,1,8,88,28,2,"**CONFIDENTIAL**",12,6,2008,"**CONFIDENTIAL**",21,7,2008,"**CONFIDENTIAL**",13,11,2008,12,6,2008,8,22,9,51,"**CONFIDENTIAL**",22
"050902088801201","05090201201",5,9,2,8,88,12,1,"**CONFIDENTIAL**",11,6,2008,"**CONFIDENTIAL**",21,7,2008,"**CONFIDENTIAL**",13,11,2008,11,6,2008,1,33,3,56,"**CONFIDENTIAL**",22
"050903088802001","05090302001",5,9,3,8,88,20,1,"**CONFIDENTIAL**",19,6,2008,"**CONFIDENTIAL**",,,,"**CONFIDENTIAL**",13,11,2008,19,6,2008,4,0,6,56,"**CONFIDENTIAL**",16
"050903088802602","05090302602",5,9,3,8,88,26,2,"**CONFIDENTIAL**",22,6,2008,"**CONFIDENTIAL**",,,,"**CONFIDENTIAL**",13,11,2008,22,6,2008,6,0,8,30,"**CONFIDENTIAL**",16
"050903088803404","05090303404",5,9,3,8,88,34,4,"**CONFIDENTIAL**",14,6,2008,"**CONFIDENTIAL**",,,,"**CONFIDENTIAL**",13,11,2008,14,6,2008,3,0,7,30,"**CONFIDENTIAL**",16
"050904010100101","05090400101",5,9,4,1,1,1,1,"**CONFIDENTIAL**",9,6,2008,"**CONFIDENTIAL**",,,,"**CONFIDENTIAL**",13,11,2008,9,6,2008,3,0,5,0,"**CONFIDENTIAL**",22
"050904088800302","05090400302",5,9,4,8,88,3,2,"**CONFIDENTIAL**",7,6,2008,"**CONFIDENTIAL**",,,,"**CONFIDENTIAL**",13,11,2008,13,7,2008,1,20,5,10,"**CONFIDENTIAL**",22
"060201088800802","06020100802",6,2,1,8,88,8,2,"**CONFIDENTIAL**",29,6,2008,"**CONFIDENTIAL**",,,,"**CONFIDENTIAL**",12,11,2008,29,6,2008,2,10,3,25,"**CONFIDENTIAL**",6
"060204088800402","06020400402",6,2,4,8,88,4,2,"**CONFIDENTIAL**",3,7,2008,"**CONFIDENTIAL**",,,,"**CONFIDENTIAL**",12,11,2008,1,7,2008,3,0,4,25,"**CONFIDENTIAL**",6
"060207088801002","06020701002",6,2,7,8,88,10,2,"**CONFIDENTIAL**",3,7,2008,"**CONFIDENTIAL**",,,,"**CONFIDENTIAL**",6,11,2008,11,6,2008,8,10,9,25,"**CONFIDENTIAL**",
"060301088800301","06030100301",6,3,1,8,88,3,1,"**CONFIDENTIAL**",27,6,2008,"**CONFIDENTIAL**",,,,"**CONFIDENTIAL**",13,11,2008,27,6,2008,10,5,12,20,"**CONFIDENTIAL**",6
"060303088804202","06030304202",6,3,3,8,88,42,2,"**CONFIDENTIAL**",16,6,2008,"**CONFIDENTIAL**",,,,"**CONFIDENTIAL**",13,11,2008,16,6,2008,4,0,8,0,"**CONFIDENTIAL**",6
"060305010100102","06030500102",6,3,5,1,1,1,2,"**CONFIDENTIAL**",14,6,2008,"**CONFIDENTIAL**",,,,"**CONFIDENTIAL**",13,11,2008,14,6,2008,8,40,10,30,"**CONFIDENTIAL**",6
"060305088803003","06030503003",6,3,5,8,88,30,3,"**CONFIDENTIAL**",28,6,2008,"**CONFIDENTIAL**",,,,"**CONFIDENTIAL**",13,11,2008,28,6,2008,5,30,6,55,"**CONFIDENTIAL**",6
"060402088800801","06040200801",6,4,2,8,88,8,1,"**CONFIDENTIAL**",10,6,2008,"**CONFIDENTIAL**",,,,"**CONFIDENTIAL**",11,11,2008,10,6,2008,5,0,7,30,"**CONFIDENTIAL**",6
"060405088800203","06040500203",6,4,5,8,88,2,3,"**CONFIDENTIAL**",12,6,2008,"**CONFIDENTIAL**",28,7,2008,"**CONFIDENTIAL**",8,11,2008,12,6,2008,2,0,4,0,"**CONFIDENTIAL**",23
"060608088800402","06060800402",6,6,8,8,88,4,2,"**CONFIDENTIAL**",29,6,2008,"**CONFIDENTIAL**",,,,"**CONFIDENTIAL**",12,11,2008,29,6,2008,8,10,10,20,"**CONFIDENTIAL**",6
"060608088801401","06060801401",6,6,8,8,88,14,1,"**CONFIDENTIAL**",30,6,2008,"**CONFIDENTIAL**",,,,"**CONFIDENTIAL**",12,11,2008,30,6,2008,4,20,5,55,"**CONFIDENTIAL**",6
"070103088800404","07010300404",7,1,3,8,88,4,4,"**CONFIDENTIAL**",15,6,2008,"**CONFIDENTIAL**",28,7,2008,"**CONFIDENTIAL**",11,11,2008,15,6,2008,3,5,5,10,"**CONFIDENTIAL**",17
"070105088802502","07010502502",7,1,5,8,88,25,2,"**CONFIDENTIAL**",20,6,2008,"**CONFIDENTIAL**",28,7,2008,"**CONFIDENTIAL**",11,11,2008,9,6,2008,2,10,7,30,"**CONFIDENTIAL**",17
"070108088800701","07010800701",7,1,8,8,88,7,1,"**CONFIDENTIAL**",14,6,2008,"**CONFIDENTIAL**",28,7,2008,"**CONFIDENTIAL**",11,11,2008,14,6,2008,4,30,6,48,"**CONFIDENTIAL**",17
"070110010100102","07011000102",7,1,10,1,1,1,2,"**CONFIDENTIAL**",18,6,2008,"**CONFIDENTIAL**",28,7,2008,"**CONFIDENTIAL**",11,11,2008,13,6,2008,8,20,11,0,"**CONFIDENTIAL**",17
"070111088800401","07011100401",7,1,11,8,88,4,1,"**CONFIDENTIAL**",10,6,2008,"**CONFIDENTIAL**",28,7,2008,"**CONFIDENTIAL**",11,11,2008,10,6,2008,3,0,5,45,"**CONFIDENTIAL**",17
"070112088802605","07011202605",7,1,12,8,88,26,5,"**CONFIDENTIAL**",20,6,2008,"**CONFIDENTIAL**",28,7,2008,"**CONFIDENTIAL**",11,11,2008,8,6,2008,3,0,4,20,"**CONFIDENTIAL**",17
"070115010100108","07011500108",7,1,15,1,1,1,8,"**CONFIDENTIAL**",,,,"**CONFIDENTIAL**",,,,"**CONFIDENTIAL**",,,,,,,,,,,"**CONFIDENTIAL**",
"070202010100105","07020200105",7,2,2,1,1,1,5,"**CONFIDENTIAL**",18,6,2008,"**CONFIDENTIAL**",28,7,2008,"**CONFIDENTIAL**",11,11,2008,18,6,2008,5,0,6,20,"**CONFIDENTIAL**",17
"070202088801001","07020201001",7,2,2,8,88,10,1,"**CONFIDENTIAL**",16,6,2008,"**CONFIDENTIAL**",28,7,2008,"**CONFIDENTIAL**",11,11,2008,16,6,2008,7,50,9,10,"**CONFIDENTIAL**",17
"070205088801302","07020501302",7,2,5,8,88,13,2,"**CONFIDENTIAL**",6,7,2008,"**CONFIDENTIAL**",28,7,2008,"**CONFIDENTIAL**",10,11,2008,6,7,2008,4,20,5,35,"**CONFIDENTIAL**",17
"070207088801001","07020701001",7,2,7,8,88,10,1,"**CONFIDENTIAL**",19,6,2008,"**CONFIDENTIAL**",28,7,2008,"**CONFIDENTIAL**",11,11,2008,19,6,2008,4,0,6,30,"**CONFIDENTIAL**",17
"070210088801401","07021001401",7,2,10,8,88,14,1,"**CONFIDENTIAL**",9,6,2008,"**CONFIDENTIAL**",28,7,2008,"**CONFIDENTIAL**",11,11,2008,6,6,2008,3,0,4,30,"**CONFIDENTIAL**",17
"070211010100311","07021100311",7,2,11,1,1,3,11,"**CONFIDENTIAL**",,,,"**CONFIDENTIAL**",,,,"**CONFIDENTIAL**",,,,,,,,,,,"**CONFIDENTIAL**",
"070302088800501","07030200501",7,3,2,8,88,5,1,"**CONFIDENTIAL**",11,6,2008,"**CONFIDENTIAL**",28,7,2008,"**CONFIDENTIAL**",9,11,2008,11,6,2008,8,0,9,50,"**CONFIDENTIAL**",17
"070304088800501","07030400501",7,3,4,8,88,5,1,"**CONFIDENTIAL**",17,6,2008,"**CONFIDENTIAL**",28,7,2008,"**CONFIDENTIAL**",9,11,2008,17,6,2008,7,30,10,0,"**CONFIDENTIAL**",17
"070306088800204","07030600204",7,3,6,8,88,2,4,"**CONFIDENTIAL**",10,6,2008,"**CONFIDENTIAL**",28,7,2008,"**CONFIDENTIAL**",9,11,2008,10,6,2008,7,30,9,0,"**CONFIDENTIAL**",17
"070401088801103","07040101103",7,4,1,8,88,11,3,"**CONFIDENTIAL**",18,6,2008,"**CONFIDENTIAL**",,,,"**CONFIDENTIAL**",11,11,2008,10,6,2008,3,0,9,50,"**CONFIDENTIAL**",16
"070404088800903","07040400903",7,4,4,8,88,9,3,"**CONFIDENTIAL**",24,6,2008,"**CONFIDENTIAL**",,,,"**CONFIDENTIAL**",11,11,2008,24,6,2008,2,50,4,25,"**CONFIDENTIAL**",16
"070405010100603","07040500603",7,4,5,1,1,6,3,"**CONFIDENTIAL**",,,,"**CONFIDENTIAL**",,,,"**CONFIDENTIAL**",,,,,,,,,,,"**CONFIDENTIAL**",
"070406088801903","07040601903",7,4,6,8,88,19,3,"**CONFIDENTIAL**",15,6,2008,"**CONFIDENTIAL**",,,,"**CONFIDENTIAL**",11,11,2008,15,6,2008,3,25,5,30,"**CONFIDENTIAL**",16
"070409088801103","07040901103",7,4,9,8,88,11,3,"**CONFIDENTIAL**",19,,2008,"**CONFIDENTIAL**",,,,"**CONFIDENTIAL**",11,11,2008,11,6,2008,4,40,7,30,"**CONFIDENTIAL**",22
"070410010100105","07041000105",7,4,10,1,1,1,5,"**CONFIDENTIAL**",13,6,2008,"**CONFIDENTIAL**",,,,"**CONFIDENTIAL**",11,11,2008,9,6,2008,3,30,9,40,"**CONFIDENTIAL**",16
"070412088800908","07041200908",7,4,12,8,88,9,8,"**CONFIDENTIAL**",18,6,2008,"**CONFIDENTIAL**",,,,"**CONFIDENTIAL**",11,11,2008,7,6,2008,4,50,9,10,"**CONFIDENTIAL**",16
"070417088800202","07041700202",7,4,17,8,88,2,2,"**CONFIDENTIAL**",14,6,2008,"**CONFIDENTIAL**",,,,"**CONFIDENTIAL**",10,9,2008,14,6,2008,3,15,5,40,"**CONFIDENTIAL**",16
"070501088800907","07050100907",7,5,1,8,88,9,7,"**CONFIDENTIAL**",10,6,2008,"**CONFIDENTIAL**",,,,"**CONFIDENTIAL**",12,11,2008,10,6,2008,,,,,"**CONFIDENTIAL**",16
"070502088801705","07050201705",7,5,2,8,88,17,5,"**CONFIDENTIAL**",8,6,2008,"**CONFIDENTIAL**",,,,"**CONFIDENTIAL**",12,11,2008,8,6,2008,8,10,9,55,"**CONFIDENTIAL**",16
"070503088802201","07050302201",7,5,3,8,88,22,1,"**CONFIDENTIAL**",11,6,2008,"**CONFIDENTIAL**",,,,"**CONFIDENTIAL**",12,11,2008,11,6,2008,4,30,5,40,"**CONFIDENTIAL**",16
"070505088800304","07050500304",7,5,5,8,88,3,4,"**CONFIDENTIAL**",3,6,2008,"**CONFIDENTIAL**",,,,"**CONFIDENTIAL**",12,11,2008,3,6,2008,5,0,7,30,"**CONFIDENTIAL**",16
"070506088801303","07050601303",7,5,6,8,88,13,3,"**CONFIDENTIAL**",18,6,2008,"**CONFIDENTIAL**",,,,"**CONFIDENTIAL**",12,11,2008,18,6,2008,3,30,6,30,"**CONFIDENTIAL**",16
"070601010100207","07060100207",7,6,1,1,1,2,7,"**CONFIDENTIAL**",,,,"**CONFIDENTIAL**",,,,"**CONFIDENTIAL**",,,,,,,,,,,"**CONFIDENTIAL**",
"070602088801501","07060201501",7,6,2,8,88,15,1,"**CONFIDENTIAL**",16,6,2008,"**CONFIDENTIAL**",18,6,2008,"**CONFIDENTIAL**",11,11,2008,16,6,2008,4,10,5,0,"**CONFIDENTIAL**",25
"070603010100103","07060300103",7,6,3,1,1,1,3,"**CONFIDENTIAL**",21,6,2008,"**CONFIDENTIAL**",24,6,2008,"**CONFIDENTIAL**",11,11,2008,21,6,2008,8,40,10,20,"**CONFIDENTIAL**",25
"070605088800601","07060500601",7,6,5,8,88,6,1,"**CONFIDENTIAL**",28,6,2008,"**CONFIDENTIAL**",30,6,2008,"**CONFIDENTIAL**",11,11,2008,28,6,2008,4,32,5,48,"**CONFIDENTIAL**",25
"070607088800601","07060700601",7,6,7,8,88,6,1,"**CONFIDENTIAL**",9,6,2008,"**CONFIDENTIAL**",10,6,2008,"**CONFIDENTIAL**",11,11,2008,9,6,2008,7,0,10,20,"**CONFIDENTIAL**",25
"070610088800902","07061000902",7,6,10,8,88,9,2,"**CONFIDENTIAL**",15,6,2008,"**CONFIDENTIAL**",16,6,2008,"**CONFIDENTIAL**",11,11,2008,15,6,2008,1,0,3,50,"**CONFIDENTIAL**",25
"070613010100335","07061300335",7,6,13,1,1,3,35,"**CONFIDENTIAL**",,,,"**CONFIDENTIAL**",,,,"**CONFIDENTIAL**",,,,,,,,,,,"**CONFIDENTIAL**",
"070702088802904","07070202904",7,7,2,8,88,29,4,"**CONFIDENTIAL**",8,7,2008,"**CONFIDENTIAL**",6,8,2008,"**CONFIDENTIAL**",12,11,2008,9,7,2008,6,30,8,30,"**CONFIDENTIAL**",4
"070703088802101","07070302101",7,7,3,8,88,21,1,"**CONFIDENTIAL**",6,6,2008,"**CONFIDENTIAL**",6,8,2008,"**CONFIDENTIAL**",12,11,2008,6,6,2008,5,53,7,41,"**CONFIDENTIAL**",4
"070706010100103","07070600103",7,7,6,1,1,1,3,"**CONFIDENTIAL**",15,6,2008,"**CONFIDENTIAL**",6,8,2008,"**CONFIDENTIAL**",12,11,2008,14,6,2008,9,45,12,0,"**CONFIDENTIAL**",4
"070801088800401","07080100401",7,8,1,8,88,4,1,"**CONFIDENTIAL**",8,7,2008,"**CONFIDENTIAL**",9,7,2008,"**CONFIDENTIAL**",12,11,2008,27,6,2008,6,30,9,48,"**CONFIDENTIAL**",21
"070803088800206","07080300206",7,8,3,8,88,2,6,"**CONFIDENTIAL**",29,6,2008,"**CONFIDENTIAL**",30,6,2008,"**CONFIDENTIAL**",12,11,2008,29,6,2008,4,35,5,40,"**CONFIDENTIAL**",21
"070803088801501","07080301501",7,8,3,8,88,15,1,"**CONFIDENTIAL**",30,6,2008,"**CONFIDENTIAL**",2,7,2008,"**CONFIDENTIAL**",12,11,2008,30,6,2008,3,25,4,5,"**CONFIDENTIAL**",21
"070902088800503","07090200503",7,9,2,8,88,5,3,"**CONFIDENTIAL**",2,7,2008,"**CONFIDENTIAL**",3,7,2008,"**CONFIDENTIAL**",12,11,2008,,,,8,40,10,10,"**CONFIDENTIAL**",21
"070905088800303","07090500303",7,9,5,8,88,3,3,"**CONFIDENTIAL**",29,7,2008,"**CONFIDENTIAL**",30,7,2008,"**CONFIDENTIAL**",12,11,2008,24,6,2008,4,5,6,30,"**CONFIDENTIAL**",21
"070906010100104","07090600104",7,9,6,1,1,1,4,"**CONFIDENTIAL**",5,7,2008,"**CONFIDENTIAL**",6,7,2008,"**CONFIDENTIAL**",12,11,2008,5,7,2008,8,13,10,17,"**CONFIDENTIAL**",21
"070907088801501","07090701501",7,9,7,8,88,15,1,"**CONFIDENTIAL**",3,7,2008,"**CONFIDENTIAL**",5,7,2008,"**CONFIDENTIAL**",12,11,2008,28,6,2008,3,12,5,52,"**CONFIDENTIAL**",21
"070909088800601","07090900601",7,9,9,8,88,6,1,"**CONFIDENTIAL**",25,6,2008,"**CONFIDENTIAL**",27,6,2008,"**CONFIDENTIAL**",12,11,2008,6,7,2008,5,28,6,46,"**CONFIDENTIAL**",21
"071001088800403","07100100403",7,10,1,8,88,4,3,"**CONFIDENTIAL**",12,6,2008,"**CONFIDENTIAL**",6,8,2008,"**CONFIDENTIAL**",12,11,2008,12,6,2008,4,10,7,50,"**CONFIDENTIAL**",4
"071003088801001","07100301001",7,10,3,8,88,10,1,"**CONFIDENTIAL**",6,7,2008,"**CONFIDENTIAL**",6,8,2008,"**CONFIDENTIAL**",12,11,2008,6,7,2008,3,20,6,40,"**CONFIDENTIAL**",4
"071006088802401","07100602401",7,10,6,8,88,24,1,"**CONFIDENTIAL**",6,7,2008,"**CONFIDENTIAL**",6,8,2008,"**CONFIDENTIAL**",12,11,2008,6,7,2008,4,0,6,40,"**CONFIDENTIAL**",4
"071008088800105","07100800105",7,10,8,8,88,1,5,"**CONFIDENTIAL**",,,,"**CONFIDENTIAL**",16,6,2008,"**CONFIDENTIAL**",12,11,2008,16,6,2008,1,50,3,10,"**CONFIDENTIAL**",4
"071009088801703","07100901703",7,10,9,8,88,17,3,"**CONFIDENTIAL**",8,7,2008,"**CONFIDENTIAL**",6,8,2008,"**CONFIDENTIAL**",12,11,2008,8,7,2008,2,30,6,0,"**CONFIDENTIAL**",4
"071012088802901","07101202901",7,10,12,8,88,29,1,"**CONFIDENTIAL**",10,7,2008,"**CONFIDENTIAL**",6,7,2008,"**CONFIDENTIAL**",12,11,2008,10,7,2008,3,10,6,5,"**CONFIDENTIAL**",4
"071016010100109","07101600109",7,10,16,1,1,1,9,"**CONFIDENTIAL**",,,,"**CONFIDENTIAL**",,,,"**CONFIDENTIAL**",,,,,,,,,,,"**CONFIDENTIAL**",
"071101088800201","07110100201",7,11,1,8,88,2,1,"**CONFIDENTIAL**",28,6,2008,"**CONFIDENTIAL**",30,6,2008,"**CONFIDENTIAL**",11,11,2008,28,6,2008,10,15,12,0,"**CONFIDENTIAL**",22
"071103088801302","07110301302",7,11,3,8,88,13,2,"**CONFIDENTIAL**",26,6,2008,"**CONFIDENTIAL**",28,6,2008,"**CONFIDENTIAL**",11,11,2008,26,6,2008,7,30,10,30,"**CONFIDENTIAL**",21
"071104010100302","07110400302",7,11,4,1,1,3,2,"**CONFIDENTIAL**",6,7,2008,"**CONFIDENTIAL**",7,7,2008,"**CONFIDENTIAL**",11,11,2008,6,7,2008,4,45,7,10,"**CONFIDENTIAL**",21
"071104088801603","07110401603",7,11,4,8,88,16,3,"**CONFIDENTIAL**",1,7,2008,"**CONFIDENTIAL**",3,7,2008,"**CONFIDENTIAL**",11,11,2008,6,7,2008,4,45,7,10,"**CONFIDENTIAL**",21
"071105088802003","07110502003",7,11,5,8,88,20,3,"**CONFIDENTIAL**",4,7,2008,"**CONFIDENTIAL**",6,7,2008,"**CONFIDENTIAL**",11,11,2008,4,7,2008,8,30,11,20,"**CONFIDENTIAL**",21
"071108088800501","07110800501",7,11,8,8,88,5,1,"**CONFIDENTIAL**",2,7,2008,"**CONFIDENTIAL**",4,7,2008,"**CONFIDENTIAL**",11,11,2008,2,7,2008,2,8,4,30,"**CONFIDENTIAL**",21
"071111010100401","07111100401",7,11,11,1,1,4,1,"**CONFIDENTIAL**",,,,"**CONFIDENTIAL**",,,,"**CONFIDENTIAL**",,,,,,,,,,,"**CONFIDENTIAL**",
"071201088800102","07120100102",7,12,1,8,88,1,2,"**CONFIDENTIAL**",6,7,2008,"**CONFIDENTIAL**",,,,"**CONFIDENTIAL**",9,11,2008,6,7,2008,4,0,5,20,"**CONFIDENTIAL**",19
"071201088801602","07120101602",7,12,1,8,88,16,2,"**CONFIDENTIAL**",5,7,2008,"**CONFIDENTIAL**",,,,"**CONFIDENTIAL**",9,11,2008,5,7,2008,3,7,4,32,"**CONFIDENTIAL**",19
"071201088802802","07120102802",7,12,1,8,88,28,2,"**CONFIDENTIAL**",9,7,2008,"**CONFIDENTIAL**",,,,"**CONFIDENTIAL**",9,11,2008,9,7,2008,8,58,9,56,"**CONFIDENTIAL**",19
"071301088801301","07130101301",7,13,1,8,88,13,1,"**CONFIDENTIAL**",9,6,2008,"**CONFIDENTIAL**",,,,"**CONFIDENTIAL**",11,11,2008,9,6,2008,3,10,7,30,"**CONFIDENTIAL**",16
"071301088802505","07130102505",7,13,1,8,88,25,5,"**CONFIDENTIAL**",11,6,2008,"**CONFIDENTIAL**",,,,"**CONFIDENTIAL**",11,11,2008,11,6,2008,4,10,8,20,"**CONFIDENTIAL**",16
"071401088800402","07140100402",7,14,1,8,88,4,2,"**CONFIDENTIAL**",7,7,2008,"**CONFIDENTIAL**",6,8,2008,"**CONFIDENTIAL**",9,11,2008,7,7,2008,5,30,6,45,"**CONFIDENTIAL**",4
"071401088801303","07140101303",7,14,1,8,88,13,3,"**CONFIDENTIAL**",13,6,2008,"**CONFIDENTIAL**",,,,"**CONFIDENTIAL**",11,11,2008,13,6,2008,3,52,7,40,"**CONFIDENTIAL**",16
"071501088800704","07150100704",7,15,1,8,88,7,4,"**CONFIDENTIAL**",,,,"**CONFIDENTIAL**",,,,"**CONFIDENTIAL**",,,,,,,,,,,"**CONFIDENTIAL**",4
"071501088802609","07150102609",7,15,1,8,88,26,9,"**CONFIDENTIAL**",10,6,2008,"**CONFIDENTIAL**",6,8,2008,"**CONFIDENTIAL**",11,11,2008,7,6,2008,3,0,5,30,"**CONFIDENTIAL**",4
"071501088804404","07150104404",7,15,1,8,88,44,4,"**CONFIDENTIAL**",,,,"**CONFIDENTIAL**",,,,"**CONFIDENTIAL**",,,,,,,,,,,"**CONFIDENTIAL**",4
"071601088800803","07160100803",7,16,1,8,88,8,3,"**CONFIDENTIAL**",5,7,2008,"**CONFIDENTIAL**",6,8,2008,"**CONFIDENTIAL**",11,11,2008,5,7,2008,2,30,4,0,"**CONFIDENTIAL**",4
"071601088801705","07160101705",7,16,1,8,88,17,5,"**CONFIDENTIAL**",9,7,2008,"**CONFIDENTIAL**",6,8,2008,"**CONFIDENTIAL**",11,12,2008,9,7,2008,3,30,4,30,"**CONFIDENTIAL**",4
"071701088800103","07170100103",7,17,1,8,88,1,3,"**CONFIDENTIAL**",16,6,2008,"**CONFIDENTIAL**",20,6,2008,"**CONFIDENTIAL**",11,11,2008,15,6,2008,5,25,7,30,"**CONFIDENTIAL**",25
"071702020100104","07170200104",7,17,2,2,1,1,4,"**CONFIDENTIAL**",17,6,2008,"**CONFIDENTIAL**",23,6,2008,"**CONFIDENTIAL**",11,11,2008,17,6,2008,9,0,11,0,"**CONFIDENTIAL**",25
"071702088800803","07170200803",7,17,2,8,88,8,3,"**CONFIDENTIAL**",18,6,2008,"**CONFIDENTIAL**",12,7,2008,"**CONFIDENTIAL**",11,11,2008,18,6,2008,2,10,4,30,"**CONFIDENTIAL**",25
"071703088801401","07170301401",7,17,3,8,88,14,1,"**CONFIDENTIAL**",19,6,2008,"**CONFIDENTIAL**",23,6,2008,"**CONFIDENTIAL**",11,11,2008,19,6,2008,6,0,8,30,"**CONFIDENTIAL**",25
"071704088802501","07170402501",7,17,4,8,88,25,1,"**CONFIDENTIAL**",11,6,2008,"**CONFIDENTIAL**",20,6,2008,"**CONFIDENTIAL**",11,11,2008,11,6,2008,10,20,12,30,"**CONFIDENTIAL**",25
"071801088800101","07180100101",7,18,1,8,88,1,1,"**CONFIDENTIAL**",4,7,2008,"**CONFIDENTIAL**",6,8,2008,"**CONFIDENTIAL**",11,11,2008,4,7,2008,9,25,11,40,"**CONFIDENTIAL**",4
"071801088801001","07180101001",7,18,1,8,88,10,1,"**CONFIDENTIAL**",7,7,2008,"**CONFIDENTIAL**",6,8,2008,"**CONFIDENTIAL**",11,11,2008,7,7,2008,3,10,6,0,"**CONFIDENTIAL**",4
"071801088802302","07180102302",7,18,1,8,88,23,2,"**CONFIDENTIAL**",9,7,2008,"**CONFIDENTIAL**",6,8,2008,"**CONFIDENTIAL**",11,11,2008,9,7,2008,3,11,4,25,"**CONFIDENTIAL**",4
"071901088800701","07190100701",7,19,1,8,88,7,1,"**CONFIDENTIAL**",12,6,2008,"**CONFIDENTIAL**",17,6,2008,"**CONFIDENTIAL**",9,11,2008,11,6,2008,7,13,9,15,"**CONFIDENTIAL**",25
"071901088802302","07190102302",7,19,1,8,88,23,2,"**CONFIDENTIAL**",18,6,2008,"**CONFIDENTIAL**",20,6,2008,"**CONFIDENTIAL**",9,11,2008,18,6,2008,8,30,10,53,"**CONFIDENTIAL**",25
"072001088801203","07200101203",7,20,1,8,88,12,3,"**CONFIDENTIAL**",13,6,2008,"**CONFIDENTIAL**",28,7,2008,"**CONFIDENTIAL**",9,11,2008,10,6,2008,2,45,7,10,"**CONFIDENTIAL**",17
"072002088803802","07200203802",7,20,2,8,88,38,2,"**CONFIDENTIAL**",20,6,2008,"**CONFIDENTIAL**",28,7,2008,"**CONFIDENTIAL**",9,11,2008,10,6,2008,6,0,9,0,"**CONFIDENTIAL**",17
"072005088800107","07200500107",7,20,5,8,88,1,7,"**CONFIDENTIAL**",9,6,2008,"**CONFIDENTIAL**",28,7,2008,"**CONFIDENTIAL**",9,11,2008,7,6,2008,8,15,10,20,"**CONFIDENTIAL**",17
"072005088800604","07200500604",7,20,5,8,88,6,4,"**CONFIDENTIAL**",12,6,2008,"**CONFIDENTIAL**",28,7,2008,"**CONFIDENTIAL**",9,11,2008,11,6,2008,3,15,5,30,"**CONFIDENTIAL**",17
"072008088800805","07200800805",7,20,8,8,88,8,5,"**CONFIDENTIAL**",9,6,2008,"**CONFIDENTIAL**",28,7,2008,"**CONFIDENTIAL**",9,11,2008,9,6,2008,8,0,10,0,"**CONFIDENTIAL**",17
"072101088803003","07210103003",7,21,1,8,88,30,3,"**CONFIDENTIAL**",7,7,2008,"**CONFIDENTIAL**",28,7,2008,"**CONFIDENTIAL**",9,11,2008,7,7,2008,4,0,5,38,"**CONFIDENTIAL**",17
"072101088806202","07210106202",7,21,1,8,88,62,2,"**CONFIDENTIAL**",11,7,2008,"**CONFIDENTIAL**",28,7,2008,"**CONFIDENTIAL**",9,11,2008,11,6,2008,2,10,3,30,"**CONFIDENTIAL**",17
"072219010100115","07221900115",7,22,19,1,1,1,15,"**CONFIDENTIAL**",,,,"**CONFIDENTIAL**",,,,"**CONFIDENTIAL**",,,,,,,,,,,"**CONFIDENTIAL**",
"072219010100219","07221900219",7,22,19,1,1,2,19,"**CONFIDENTIAL**",,,,"**CONFIDENTIAL**",,,,"**CONFIDENTIAL**",,,,,,,,,,,"**CONFIDENTIAL**",
"072219010100401","07221900401",7,22,19,1,1,4,1,"**CONFIDENTIAL**",,,,"**CONFIDENTIAL**",,,,"**CONFIDENTIAL**",,,,,,,,,,,"**CONFIDENTIAL**",
"072219010100511","07221900511",7,22,19,1,1,5,11,"**CONFIDENTIAL**",,,,"**CONFIDENTIAL**",,,,"**CONFIDENTIAL**",,,,,,,,,,,"**CONFIDENTIAL**",
"072219010100606","07221900606",7,22,19,1,1,6,6,"**CONFIDENTIAL**",,,,"**CONFIDENTIAL**",,,,"**CONFIDENTIAL**",,,,,,,,,,,"**CONFIDENTIAL**",
"072219010100636","07221900636",7,22,19,1,1,6,36,"**CONFIDENTIAL**",,,,"**CONFIDENTIAL**",,,,"**CONFIDENTIAL**",,,,,,,,,,,"**CONFIDENTIAL**",
"072219010100723","07221900723",7,22,19,1,1,7,23,"**CONFIDENTIAL**",,,,"**CONFIDENTIAL**",,,,"**CONFIDENTIAL**",,,,,,,,,,,"**CONFIDENTIAL**",
"072219010100753","07221900753",7,22,19,1,1,7,53,"**CONFIDENTIAL**",,,,"**CONFIDENTIAL**",,,,"**CONFIDENTIAL**",,,,,,,,,,,"**CONFIDENTIAL**",
"120101010100103","12010100103",12,1,1,1,1,1,3,"**CONFIDENTIAL**",,,,"**CONFIDENTIAL**",,,,"**CONFIDENTIAL**",,,,,,,,,,,"**CONFIDENTIAL**",
"120101088800401","12010100401",12,1,1,8,88,4,1,"**CONFIDENTIAL**",21,6,2008,"**CONFIDENTIAL**",2,7,2008,"**CONFIDENTIAL**",12,11,2008,21,6,2008,4,30,6,15,"**CONFIDENTIAL**",12
"120102088800401","12010200401",12,1,2,8,88,4,1,"**CONFIDENTIAL**",14,6,2008,"**CONFIDENTIAL**",,7,2008,"**CONFIDENTIAL**",12,11,2008,14,6,2008,11,9,1,0,"**CONFIDENTIAL**",12
"120102088800901","12010200901",12,1,2,8,88,9,1,"**CONFIDENTIAL**",17,6,2008,"**CONFIDENTIAL**",3,7,2008,"**CONFIDENTIAL**",12,11,2008,17,6,2008,3,30,5,15,"**CONFIDENTIAL**",12
"120103010100103","12010300103",12,1,3,1,1,1,3,"**CONFIDENTIAL**",18,6,2008,"**CONFIDENTIAL**",2,7,2008,"**CONFIDENTIAL**",12,11,2008,16,6,2008,10,0,12,0,"**CONFIDENTIAL**",12
"120201088801701","12020101701",12,2,1,8,88,17,1,"**CONFIDENTIAL**",10,6,2008,"**CONFIDENTIAL**",3,7,2008,"**CONFIDENTIAL**",10,11,2008,10,6,2008,4,25,6,10,"**CONFIDENTIAL**",12
"120203088800401","12020300401",12,2,3,8,88,4,1,"**CONFIDENTIAL**",13,6,2008,"**CONFIDENTIAL**",3,7,2008,"**CONFIDENTIAL**",10,11,2008,12,6,2008,,,,,"**CONFIDENTIAL**",12
"120301088800107","12030100107",12,3,1,8,88,1,7,"**CONFIDENTIAL**",29,6,2008,"**CONFIDENTIAL**",30,7,2008,"**CONFIDENTIAL**",12,11,2008,29,6,2008,4,30,6,0,"**CONFIDENTIAL**",21
"120301088800704","12030100704",12,3,1,8,88,7,4,"**CONFIDENTIAL**",7,7,2008,"**CONFIDENTIAL**",8,7,2008,"**CONFIDENTIAL**",12,11,2008,7,7,2008,3,0,3,45,"**CONFIDENTIAL**",21
"120302088801002","12030201002",12,3,2,8,88,10,2,"**CONFIDENTIAL**",1,7,2008,"**CONFIDENTIAL**",2,7,2008,"**CONFIDENTIAL**",12,11,2008,1,7,2008,3,10,4,45,"**CONFIDENTIAL**",21
"120302088840301","12030240301",12,3,2,8,88,403,1,"**CONFIDENTIAL**",2,7,2008,"**CONFIDENTIAL**",4,7,2008,"**CONFIDENTIAL**",12,11,2008,2,7,2008,4,45,5,30,"**CONFIDENTIAL**",21
"120401088801602","12040101602",12,4,1,8,88,16,2,"**CONFIDENTIAL**",20,6,2008,"**CONFIDENTIAL**",3,7,2008,"**CONFIDENTIAL**",11,11,2008,20,6,2008,4,30,6,0,"**CONFIDENTIAL**",12
"130101010100303","13010100303",13,1,1,1,1,3,3,"**CONFIDENTIAL**",,,,"**CONFIDENTIAL**",,,,"**CONFIDENTIAL**",,,,,,,,,,,"**CONFIDENTIAL**",
"130101010101209","13010101209",13,1,1,1,1,12,9,"**CONFIDENTIAL**",,,,"**CONFIDENTIAL**",,,,"**CONFIDENTIAL**",,,,,,,,,,,"**CONFIDENTIAL**",
"130101010101902","13010101902",13,1,1,1,1,19,2,"**CONFIDENTIAL**",,,,"**CONFIDENTIAL**",,,,"**CONFIDENTIAL**",,,,,,,,,,,"**CONFIDENTIAL**",
"130101088800102","13010100102",13,1,1,8,88,1,2,"**CONFIDENTIAL**",14,6,2008,"**CONFIDENTIAL**",,,,"**CONFIDENTIAL**",13,11,2008,16,6,2008,5,30,6,10,"**CONFIDENTIAL**",15
"130101088800303","13010100303",13,1,1,8,88,3,3,"**CONFIDENTIAL**",27,6,2008,"**CONFIDENTIAL**",,,,"**CONFIDENTIAL**",13,11,2008,27,6,2008,5,15,6,0,"**CONFIDENTIAL**",15
"130101088800405","13010100405",13,1,1,8,88,4,5,"**CONFIDENTIAL**",28,6,2008,"**CONFIDENTIAL**",,,,"**CONFIDENTIAL**",13,11,2008,28,6,2008,4,0,5,0,"**CONFIDENTIAL**",15
"130101088800601","13010100601",13,1,1,8,88,6,1,"**CONFIDENTIAL**",10,7,2008,"**CONFIDENTIAL**",,,,"**CONFIDENTIAL**",13,11,2008,28,6,2008,2,0,4,0,"**CONFIDENTIAL**",
"130101088800704","13010100704",13,1,1,8,88,7,4,"**CONFIDENTIAL**",28,6,2008,"**CONFIDENTIAL**",,,,"**CONFIDENTIAL**",13,11,2008,28,6,2008,5,30,6,45,"**CONFIDENTIAL**",15
"130101088800905","13010100905",13,1,1,8,88,9,5,"**CONFIDENTIAL**",25,6,2008,"**CONFIDENTIAL**",,,,"**CONFIDENTIAL**",13,11,2008,25,6,2008,4,2,5,20,"**CONFIDENTIAL**",15
"130101088801103","13010101103",13,1,1,8,88,11,3,"**CONFIDENTIAL**",12,7,2008,"**CONFIDENTIAL**",,,,"**CONFIDENTIAL**",13,11,2008,1,7,2008,3,15,5,40,"**CONFIDENTIAL**",15
"130101088801304","13010101304",13,1,1,8,88,13,4,"**CONFIDENTIAL**",24,7,2008,"**CONFIDENTIAL**",,,,"**CONFIDENTIAL**",13,11,2008,24,,2008,4,0,6,30,"**CONFIDENTIAL**",15
"130101088801405","13010101405",13,1,1,8,88,14,5,"**CONFIDENTIAL**",8,7,2008,"**CONFIDENTIAL**",,,,"**CONFIDENTIAL**",13,11,2008,8,7,2008,5,0,6,10,"**CONFIDENTIAL**",15
"130101088801603","13010101603",13,1,1,8,88,16,3,"**CONFIDENTIAL**",12,7,2008,"**CONFIDENTIAL**",,,,"**CONFIDENTIAL**",13,11,2008,29,6,2008,3,0,5,30,"**CONFIDENTIAL**",15
"140103010100301","14010300301",14,1,3,1,1,3,1,"**CONFIDENTIAL**",,,,"**CONFIDENTIAL**",,,,"**CONFIDENTIAL**",,,,,,,,,,,"**CONFIDENTIAL**",
"140106010100632","14010600632",14,1,6,1,1,6,32,"**CONFIDENTIAL**",,,,"**CONFIDENTIAL**",,,,"**CONFIDENTIAL**",,,,,,,,,,,"**CONFIDENTIAL**",
"140202010200810","14020200810",14,2,2,1,2,8,10,"**CONFIDENTIAL**",,,,"**CONFIDENTIAL**",,,,"**CONFIDENTIAL**",,,,,,,,,,,"**CONFIDENTIAL**",
"140210010200422","14021000422",14,2,10,1,2,4,22,"**CONFIDENTIAL**",,,,"**CONFIDENTIAL**",,,,"**CONFIDENTIAL**",,,,,,,,,,,"**CONFIDENTIAL**",
"140303010300904","14030300904",14,3,3,1,3,9,4,"**CONFIDENTIAL**",,,,"**CONFIDENTIAL**",,,,"**CONFIDENTIAL**",,,,,,,,,,,"**CONFIDENTIAL**",
"140304020300252","14030400252",14,3,4,2,3,2,52,"**CONFIDENTIAL**",,,,"**CONFIDENTIAL**",,,,"**CONFIDENTIAL**",,,,,,,,,,,"**CONFIDENTIAL**",
"140313010300526","14031300526",14,3,13,1,3,5,26,"**CONFIDENTIAL**",,,,"**CONFIDENTIAL**",,,,"**CONFIDENTIAL**",,,,,,,,,,,"**CONFIDENTIAL**",
"140401010400822","14040100822",14,4,1,1,4,8,22,"**CONFIDENTIAL**",,,,"**CONFIDENTIAL**",,,,"**CONFIDENTIAL**",,,,,,,,,,,"**CONFIDENTIAL**",
"140404010400410","14040400410",14,4,4,1,4,4,10,"**CONFIDENTIAL**",,,,"**CONFIDENTIAL**",,,,"**CONFIDENTIAL**",,,,,,,,,,,"**CONFIDENTIAL**",
"140503010500433","14050300433",14,5,3,1,5,4,33,"**CONFIDENTIAL**",,,,"**CONFIDENTIAL**",,,,"**CONFIDENTIAL**",,,,,,,,,,,"**CONFIDENTIAL**",
"140602010600227","14060200227",14,6,2,1,6,2,27,"**CONFIDENTIAL**",,,,"**CONFIDENTIAL**",,,,"**CONFIDENTIAL**",,,,,,,,,,,"**CONFIDENTIAL**",
"140608010600822","14060800822",14,6,8,1,6,8,22,"**CONFIDENTIAL**",,,,"**CONFIDENTIAL**",,,,"**CONFIDENTIAL**",,,,,,,,,,,"**CONFIDENTIAL**",
"140704010700424","14070400424",14,7,4,1,7,4,24,"**CONFIDENTIAL**",,,,"**CONFIDENTIAL**",,,,"**CONFIDENTIAL**",,,,,,,,,,,"**CONFIDENTIAL**",
"140801010800129","14080100129",14,8,1,1,8,1,29,"**CONFIDENTIAL**",,,,"**CONFIDENTIAL**",,,,"**CONFIDENTIAL**",,,,,,,,,,,"**CONFIDENTIAL**",
"140807010800620","14080700620",14,8,7,1,8,6,20,"**CONFIDENTIAL**",,,,"**CONFIDENTIAL**",,,,"**CONFIDENTIAL**",,,,,,,,,,,"**CONFIDENTIAL**",
"140903010900303","14090300303",14,9,3,1,9,3,3,"**CONFIDENTIAL**",,,,"**CONFIDENTIAL**",,,,"**CONFIDENTIAL**",,,,,,,,,,,"**CONFIDENTIAL**",2
"140906010901008","14090601008",14,9,6,1,9,10,8,"**CONFIDENTIAL**",,,,"**CONFIDENTIAL**",,,,"**CONFIDENTIAL**",,,,,,,,,,,"**CONFIDENTIAL**",
"140913010900632","14091300632",14,9,13,1,9,6,32,"**CONFIDENTIAL**",,,,"**CONFIDENTIAL**",,,,"**CONFIDENTIAL**",,,,,,,,,,,"**CONFIDENTIAL**",
"141006011000421","14100600421",14,10,6,1,10,4,21,"**CONFIDENTIAL**",,,,"**CONFIDENTIAL**",,,,"**CONFIDENTIAL**",,,,,,,,,,,"**CONFIDENTIAL**",
"141012011000731","14101200731",14,10,12,1,10,7,31,"**CONFIDENTIAL**",,,,"**CONFIDENTIAL**",,,,"**CONFIDENTIAL**",,,,,,,,,,,"**CONFIDENTIAL**",
"150101010100211","15010100211",15,1,1,1,1,2,11,"**CONFIDENTIAL**",,,,"**CONFIDENTIAL**",,,,"**CONFIDENTIAL**",,,,,,,,,,,"**CONFIDENTIAL**",
"150101010100253","15010100253",15,1,1,1,1,2,53,"**CONFIDENTIAL**",,,,"**CONFIDENTIAL**",,,,"**CONFIDENTIAL**",,,,,,,,,,,"**CONFIDENTIAL**",11
"150101010100329","15010100329",15,1,1,1,1,3,29,"**CONFIDENTIAL**",,,,"**CONFIDENTIAL**",,,,"**CONFIDENTIAL**",,,,,,,,,,,"**CONFIDENTIAL**",
"150101010100431","15010100431",15,1,1,1,1,4,31,"**CONFIDENTIAL**",,,,"**CONFIDENTIAL**",,,,"**CONFIDENTIAL**",,,,,,,,,,,"**CONFIDENTIAL**",
"150101010100613","15010100613",15,1,1,1,1,6,13,"**CONFIDENTIAL**",,,,"**CONFIDENTIAL**",,,,"**CONFIDENTIAL**",,,,,,,,,,,"**CONFIDENTIAL**",
"150101010100807","15010100807",15,1,1,1,1,8,7,"**CONFIDENTIAL**",,,,"**CONFIDENTIAL**",,,,"**CONFIDENTIAL**",,,,,,,,,,,"**CONFIDENTIAL**",
"150101010100914","15010100914",15,1,1,1,1,9,14,"**CONFIDENTIAL**",,,,"**CONFIDENTIAL**",,,,"**CONFIDENTIAL**",,,,,,,,,,,"**CONFIDENTIAL**",
"150102088800404","15010200404",15,1,2,8,88,4,4,"**CONFIDENTIAL**",7,7,2008,"**CONFIDENTIAL**",,,,"**CONFIDENTIAL**",5,12,2008,4,7,2008,3,45,5,0,"**CONFIDENTIAL**",11
"150102088800704","15010200704",15,1,2,8,88,7,4,"**CONFIDENTIAL**",13,7,2008,"**CONFIDENTIAL**",,,,"**CONFIDENTIAL**",5,12,2008,13,7,2008,5,20,7,10,"**CONFIDENTIAL**",11
"150102088801002","15010201002",15,1,2,8,88,10,2,"**CONFIDENTIAL**",14,7,2008,"**CONFIDENTIAL**",,,,"**CONFIDENTIAL**",5,12,2008,14,7,2008,3,10,5,20,"**CONFIDENTIAL**",11
"150102088801201","15010201201",15,1,2,8,88,12,1,"**CONFIDENTIAL**",11,7,2008,"**CONFIDENTIAL**",,,,"**CONFIDENTIAL**",5,12,2008,11,7,2008,4,45,6,30,"**CONFIDENTIAL**",11
"150102088801401","15010201401",15,1,2,8,88,14,1,"**CONFIDENTIAL**",12,7,2008,"**CONFIDENTIAL**",,,,"**CONFIDENTIAL**",5,12,2008,11,7,2008,3,45,4,50,"**CONFIDENTIAL**",11
"150102088801605","15010201605",15,1,2,8,88,16,5,"**CONFIDENTIAL**",14,7,2008,"**CONFIDENTIAL**",,,,"**CONFIDENTIAL**",5,12,2008,14,7,2008,3,40,4,35,"**CONFIDENTIAL**",11
"150102088801805","15010201805",15,1,2,8,88,18,5,"**CONFIDENTIAL**",16,7,2008,"**CONFIDENTIAL**",,,,"**CONFIDENTIAL**",5,12,2008,13,7,2008,3,15,4,35,"**CONFIDENTIAL**",11
"150102088802404","15010202404",15,1,2,8,88,24,4,"**CONFIDENTIAL**",25,6,2008,"**CONFIDENTIAL**",,,,"**CONFIDENTIAL**",5,12,2008,25,6,2008,2,40,4,10,"**CONFIDENTIAL**",11
"150102088802801","15010202801",15,1,2,8,88,28,1,"**CONFIDENTIAL**",21,7,2008,"**CONFIDENTIAL**",,,,"**CONFIDENTIAL**",5,12,2008,15,7,2008,2,45,5,50,"**CONFIDENTIAL**",
"150102088803102","15010203102",15,1,2,8,88,31,2,"**CONFIDENTIAL**",21,7,2008,"**CONFIDENTIAL**",,,,"**CONFIDENTIAL**",5,12,2008,22,6,2008,8,20,10,35,"**CONFIDENTIAL**",11
