"ea_id2","ea_id","sa1q01","sa1q02","sa1q03","sa1q04","sa1q05","sa1q06","sa1q07","cs10a1q01","cs10q01_oth","cs10a1q04_a","cs10a1q04_b","cs10a1q04_c","cs10a1q05","cs10a1q06","cs10q05__Latitude","cs10q05__Longitude","cs10q05__Accuracy","cs10q05__Altitude","cs10q05__Timestamp","ssSys_IRnd"
"010101088801601","01010101601",1,1,1,8,88,16,1,1,,12,6,2008,"**CONFIDENTIAL**","**CONFIDENTIAL**",,,,,,
"010102088801403","01010201403",1,1,2,8,88,14,3,2,,17,6,2008,"**CONFIDENTIAL**","**CONFIDENTIAL**",,,,,,
"010103010100106","01010300106",1,1,3,1,1,1,6,1,,9,6,2008,"**CONFIDENTIAL**","**CONFIDENTIAL**",,,,,,
"010103088801804","01010301804",1,1,3,8,88,18,4,1,,12,6,2008,"**CONFIDENTIAL**","**CONFIDENTIAL**",,,,,,
"010105088800204","01010500204",1,1,5,8,88,2,4,1,,9,6,2008,"**CONFIDENTIAL**","**CONFIDENTIAL**",,,,,,
"010106088800402","01010600402",1,1,6,8,88,4,2,1,,7,7,2008,"**CONFIDENTIAL**","**CONFIDENTIAL**",,,,,,
"010107010100116","01010700116",1,1,7,1,1,1,16,1,,18,6,2008,"**CONFIDENTIAL**","**CONFIDENTIAL**",,,,,,
"010201088800207","01020100207",1,2,1,8,88,2,7,1,,12,6,2008,"**CONFIDENTIAL**","**CONFIDENTIAL**",,,,,,
"010202020100107","01020200107",1,2,2,2,1,1,7,1,,26,6,2008,"**CONFIDENTIAL**","**CONFIDENTIAL**",14.27635737,39.15128799,27,2020,"3/5/2016 6:33:20 AM",0.65744956427135
"010202088800802","01020200802",1,2,2,8,88,8,2,1,,17,7,2008,"**CONFIDENTIAL**","**CONFIDENTIAL**",,,,,,
"010203088801001","01020301001",1,2,3,8,88,10,1,1,,12,6,2008,"**CONFIDENTIAL**","**CONFIDENTIAL**",,,,,,
"010204088801702","01020401702",1,2,4,8,88,17,2,1,,17,7,2008,"**CONFIDENTIAL**","**CONFIDENTIAL**",,,,,,
"010206088801301","01020601301",1,2,6,8,88,13,1,2,,6,6,2008,"**CONFIDENTIAL**","**CONFIDENTIAL**",,,,,,
"010207010100101","01020700101",1,2,7,1,1,1,1,1,,8,6,2008,"**CONFIDENTIAL**","**CONFIDENTIAL**",,,,,,
"010208088800603","01020800603",1,2,8,8,88,6,3,1,,12,6,2008,"**CONFIDENTIAL**","**CONFIDENTIAL**",,,,,,
"010209088800602","01020900602",1,2,9,8,88,6,2,1,,16,6,2008,"**CONFIDENTIAL**","**CONFIDENTIAL**",,,,,,
"010212010100416","01021200416",1,2,12,1,1,4,16,1,,19,6,2008,"**CONFIDENTIAL**","**CONFIDENTIAL**",14.16585852,38.90592138,24,1925,"2/27/2016 4:38:02 AM",0.953925649148377
"010301088800204","01030100204",1,3,1,8,88,2,4,3,,7,7,2008,"**CONFIDENTIAL**","**CONFIDENTIAL**",,,,,,
"010303010100111","01030300111",1,3,3,1,1,1,11,1,,19,6,2008,"**CONFIDENTIAL**","**CONFIDENTIAL**",14.18664164,39.55956639,6,2728,"2/27/2016 9:20:09 AM",0.350776361930546
"010303088800605","01030300605",1,3,3,8,88,6,5,3,,7,7,2008,"**CONFIDENTIAL**","**CONFIDENTIAL**",,,,,,
"010304088800101","01030400101",1,3,4,8,88,1,1,3,,17,7,2008,"**CONFIDENTIAL**","**CONFIDENTIAL**",,,,,,
"010305088801202","01030501202",1,3,5,8,88,12,2,1,,12,6,2008,"**CONFIDENTIAL**","**CONFIDENTIAL**",,,,,,
"010306088800608","01030600608",1,3,6,8,88,6,8,1,,10,6,2008,"**CONFIDENTIAL**","**CONFIDENTIAL**",,,,,,
"010307088800116","01030700116",1,3,7,8,88,1,16,1,,5,6,2008,"**CONFIDENTIAL**","**CONFIDENTIAL**",,,,,,
"010307088800709","01030700709",1,3,7,8,88,7,9,1,,5,6,2008,"**CONFIDENTIAL**","**CONFIDENTIAL**",,,,,,
"010309010100101","01030900101",1,3,9,1,1,1,1,2,,21,6,2008,"**CONFIDENTIAL**","**CONFIDENTIAL**",13.79567577,39.59984865,10,1991,"2/29/2016 9:43:17 AM",0.0994546753817493
"010401088801204","01040101204",1,4,1,8,88,12,4,1,,10,7,2008,"**CONFIDENTIAL**","**CONFIDENTIAL**",,,,,,
"010403020100109","01040300109",1,4,3,2,1,1,9,1,,5,6,2008,"**CONFIDENTIAL**","**CONFIDENTIAL**",,,,,,
"010403088800404","01040300404",1,4,3,8,88,4,4,1,,14,7,2008,"**CONFIDENTIAL**","**CONFIDENTIAL**",,,,,,
"010404088800103","01040400103",1,4,4,8,88,1,3,1,,12,6,2008,"**CONFIDENTIAL**","**CONFIDENTIAL**",,,,,,
"010405088800701","01040500701",1,4,5,8,88,7,1,1,,12,6,2008,"**CONFIDENTIAL**","**CONFIDENTIAL**",,,,,,
"010406088800803","01040600803",1,4,6,8,88,8,3,1,,9,6,2008,"**CONFIDENTIAL**","**CONFIDENTIAL**",,,,,,
"010408088800402","01040800402",1,4,8,8,88,4,2,1,,15,7,2008,"**CONFIDENTIAL**","**CONFIDENTIAL**",,,,,,
"010409010100306","01040900306",1,4,9,1,1,3,6,1,,26,6,2008,"**CONFIDENTIAL**","**CONFIDENTIAL**",12.78276918,39.5496573,7,2399,"3/5/2016 10:47:11 AM",0.835087417082436
"010501020100105","01050100105",1,5,1,2,1,1,5,1,,11,6,2008,"**CONFIDENTIAL**","**CONFIDENTIAL**",,,,,,
"010501020100105","01050100105",1,5,1,2,1,1,5,1,,11,6,2008,"**CONFIDENTIAL**","**CONFIDENTIAL**",14.20232908,36.75841716,5,681,"2/22/2016 7:56:49 AM",0.0176457879215692
"010501088800105","01050100105",1,5,1,8,88,1,5,2,,3,7,2008,"**CONFIDENTIAL**","**CONFIDENTIAL**",,,,,,
"010502088800201","01050200201",1,5,2,8,88,2,1,1,,3,7,2008,"**CONFIDENTIAL**","**CONFIDENTIAL**",,,,,,
"010502088800712","01050200712",1,5,2,8,88,7,12,1,,7,6,2008,"**CONFIDENTIAL**","**CONFIDENTIAL**",,,,,,
"010502088801503","01050201503",1,5,2,8,88,15,3,2,,2,7,2008,"**CONFIDENTIAL**","**CONFIDENTIAL**",,,,,,
"010503088801501","01050301501",1,5,3,8,88,15,1,1,,12,6,2008,"**CONFIDENTIAL**","**CONFIDENTIAL**",,,,,,
"010503088802304","01050302304",1,5,3,8,88,23,4,1,,11,6,2008,"**CONFIDENTIAL**","**CONFIDENTIAL**",,,,,,
"010601010100224","01060100224",1,6,1,1,1,2,24,1,,21,6,2008,"**CONFIDENTIAL**","**CONFIDENTIAL**",13.48093618,39.47169553,14,2070,"2/29/2016 6:50:08 AM",0.501181709347843
"010601010100303","01060100303",1,6,1,1,1,3,3,1,,28,6,2008,"**CONFIDENTIAL**","**CONFIDENTIAL**",13.49716959,39.46384292,26,2076,"3/7/2016 7:36:38 AM",0.884581936469573
"010601010100315","01060100315",1,6,1,1,1,3,15,1,,23,6,2008,"**CONFIDENTIAL**","**CONFIDENTIAL**",13.49440674,39.47225999,22,2073,"3/2/2016 12:56:40 PM",0.665359399591274
"010601010100423","01060100423",1,6,1,1,1,4,23,1,,26,6,2008,"**CONFIDENTIAL**","**CONFIDENTIAL**",13.4954819,39.47125421,20,2018,"3/5/2016 12:53:13 PM",0.915361991112755
"010601010100532","01060100532",1,6,1,1,1,5,32,1,,23,6,2008,"**CONFIDENTIAL**","**CONFIDENTIAL**",13.50470152,39.48144756,26,2144,"3/2/2016 11:54:02 AM",0.939651498542936
"010601010103701","01060103701",1,6,1,1,1,37,1,1,,26,6,2008,"**CONFIDENTIAL**","**CONFIDENTIAL**",13.49552984,39.47154717,53,2142,"3/5/2016 12:53:41 PM",0.188593500381612
"010602010100113","01060200113",1,6,2,1,1,1,13,1,,24,6,2008,"**CONFIDENTIAL**","**CONFIDENTIAL**",13.4968227,39.46548821,12,2048,"3/3/2016 9:45:45 AM",0.952505818080393
"010602010100519","01060200519",1,6,2,1,1,5,19,1,,17,6,2008,"**CONFIDENTIAL**","**CONFIDENTIAL**",13.48127584,39.53571312,3,2248,"2/25/2016 8:14:50 AM",0.470333102378218
"020102010100102","02010200102",2,1,2,1,1,1,2,2,,28,6,2008,"**CONFIDENTIAL**","**CONFIDENTIAL**",,,,,,
"020103088800102","02010300102",2,1,3,8,88,1,2,1,,15,6,2008,"**CONFIDENTIAL**","**CONFIDENTIAL**",,,,,,
"020103010100204","02010300204",2,1,3,1,1,2,4,1,,15,6,2008,"**CONFIDENTIAL**","**CONFIDENTIAL**",11.5663255,41.44112794,40,375,"2/23/2016 2:40:02 PM",0.385138254792028
"020103088800601","02010300601",2,1,3,8,88,6,1,1,,15,6,2008,"**CONFIDENTIAL**","**CONFIDENTIAL**",,,,,,
"020103088800802","02010300802",2,1,3,8,88,8,2,1,,15,6,2008,"**CONFIDENTIAL**","**CONFIDENTIAL**",,,,,,
"020104088800201","02010400201",2,1,4,8,88,2,1,1,,15,6,2008,"**CONFIDENTIAL**","**CONFIDENTIAL**",,,,,,
"020105088800404","02010500404",2,1,5,8,88,4,4,2,,29,6,2008,"**CONFIDENTIAL**","**CONFIDENTIAL**",,,,,,
"020105088801103","02010501103",2,1,5,8,88,11,3,2,,30,7,2008,"**CONFIDENTIAL**","**CONFIDENTIAL**",,,,,,
"020106088800402","02010600402",2,1,6,8,88,4,2,1,,1,7,2008,"**CONFIDENTIAL**","**CONFIDENTIAL**",,,,,,
"020301030100101","02030100101",2,3,1,3,1,1,1,1,,19,6,2008,"**CONFIDENTIAL**","**CONFIDENTIAL**",,,,,,
"020302088800102","02030200102",2,3,2,8,88,1,2,1,,16,6,2008,"**CONFIDENTIAL**","**CONFIDENTIAL**",,,,,,
"020304088800601","02030400601",2,3,4,8,88,6,1,2,,12,6,2008,"**CONFIDENTIAL**","**CONFIDENTIAL**",,,,,,
"020306088800601","02030600601",2,3,6,8,88,6,1,1,,9,6,2008,"**CONFIDENTIAL**","**CONFIDENTIAL**",,,,,,
"030101088800204","03010100204",3,1,1,8,88,2,4,1,,8,7,2008,"**CONFIDENTIAL**","**CONFIDENTIAL**",,,,,,
"030104088800901","03010400901",3,1,4,8,88,9,1,1,,8,6,2008,"**CONFIDENTIAL**","**CONFIDENTIAL**",,,,,,
"030108088800701","03010800701",3,1,8,8,88,7,1,1,,3,7,2008,"**CONFIDENTIAL**","**CONFIDENTIAL**",,,,,,
"030109020100112","03010900112",3,1,9,2,1,1,12,1,,12,6,2008,"**CONFIDENTIAL**","**CONFIDENTIAL**",12.76935879,37.62555882,3,2950,"2/23/2016 10:59:42 AM",0.831372316382533
"030110088801806","03011001806",3,1,10,8,88,18,6,1,,12,6,2008,"**CONFIDENTIAL**","**CONFIDENTIAL**",,,,,,
"030111088800102","03011100102",3,1,11,8,88,1,2,1,,12,7,2008,"**CONFIDENTIAL**","**CONFIDENTIAL**",,,,,,
"030112088800203","03011200203",3,1,12,8,88,2,3,1,,,,,"**CONFIDENTIAL**","**CONFIDENTIAL**",,,,,,
"030114088800816","03011400816",3,1,14,8,88,8,16,1,,12,6,2008,"**CONFIDENTIAL**","**CONFIDENTIAL**",,,,,,
"030116088802804","03011602804",3,1,16,8,88,28,4,1,,12,6,2008,"**CONFIDENTIAL**","**CONFIDENTIAL**",,,,,,
"030118010100610","03011800610",3,1,18,1,1,6,10,1,,22,6,2008,"**CONFIDENTIAL**","**CONFIDENTIAL**",12.60176454,37.46559968,47,2178,"3/1/2016 6:33:21 AM",0.446122145487984
"030118010101204","03011801204",3,1,18,1,1,12,4,1,,17,6,2008,"**CONFIDENTIAL**","**CONFIDENTIAL**",12.59998002,37.4639788,12,2224,"2/26/2016 9:37:56 AM",0.720560078844689
"030118010102006","03011802006",3,1,18,1,1,20,6,1,,17,6,2008,"**CONFIDENTIAL**","**CONFIDENTIAL**",12.55322094,37.42172826,4,2075,"2/25/2016 7:47:16 AM",0.0208205748446382
"030120020100105","03012000105",3,1,20,2,1,1,5,1,,15,6,2008,"**CONFIDENTIAL**","**CONFIDENTIAL**",,,,,,
"030201088800703","03020100703",3,2,1,8,88,7,3,1,,10,7,2008,"**CONFIDENTIAL**","**CONFIDENTIAL**",,,,,,
"030202088802508","03020202508",3,2,2,8,88,25,8,1,,12,6,2008,"**CONFIDENTIAL**","**CONFIDENTIAL**",,,,,,
"030204088800906","03020400906",3,2,4,8,88,9,6,1,,3,7,2008,"**CONFIDENTIAL**","**CONFIDENTIAL**",,,,,,
"030205088801907","03020501907",3,2,5,8,88,19,7,1,,5,6,2008,"**CONFIDENTIAL**","**CONFIDENTIAL**",,,,,,
"030207010100110","03020700110",3,2,7,1,1,1,10,1,,12,6,2008,"**CONFIDENTIAL**","**CONFIDENTIAL**",11.39478973,38.23945772,31,2591,"2/20/2016 6:53:59 AM",0.281397632919903
"030207088803703","03020703703",3,2,7,8,88,37,3,1,,12,6,2008,"**CONFIDENTIAL**","**CONFIDENTIAL**",,,,,,
"030209010100104","03020900104",3,2,9,1,1,1,4,1,,8,6,2008,"**CONFIDENTIAL**","**CONFIDENTIAL**",,,,,,
"030209088800708","03020900708",3,2,9,8,88,7,8,1,,9,6,2008,"**CONFIDENTIAL**","**CONFIDENTIAL**",,,,,,
"030301088800204","03030100204",3,3,1,8,88,2,4,2,,6,6,2008,"**CONFIDENTIAL**","**CONFIDENTIAL**",,,,,,
"030302010100108","03030200108",3,3,2,1,1,1,8,1,,9,6,2008,"**CONFIDENTIAL**","**CONFIDENTIAL**",,,,,,
"030302088802104","03030202104",3,3,2,8,88,21,4,1,,12,6,2008,"**CONFIDENTIAL**","**CONFIDENTIAL**",,,,,,
"030303088802404","03030302404",3,3,3,8,88,24,4,2,,13,6,2008,"**CONFIDENTIAL**","**CONFIDENTIAL**",,,,,,
"030304088800906","03030400906",3,3,4,8,88,9,6,1,,15,6,2008,"**CONFIDENTIAL**","**CONFIDENTIAL**",,,,,,
"030305088801101","03030501101",3,3,5,8,88,11,1,1,,17,6,2008,"**CONFIDENTIAL**","**CONFIDENTIAL**",,,,,,
"030307088801002","03030701002",3,3,7,8,88,10,2,1,,,6,2008,"**CONFIDENTIAL**","**CONFIDENTIAL**",,,,,,
"030308088801617","03030801617",3,3,8,8,88,16,17,1,,10,6,2008,"**CONFIDENTIAL**","**CONFIDENTIAL**",,,,,,
"030309010100308","03030900308",3,3,9,1,1,3,8,1,,24,6,2008,"**CONFIDENTIAL**","**CONFIDENTIAL**",11.82933503,39.59626409,48,1866,"3/3/2016 12:36:46 PM",0.155326651015937
"030310088801701","03031001701",3,3,10,8,88,17,1,2,,10,6,2008,"**CONFIDENTIAL**","**CONFIDENTIAL**",,,,,,
"030403088801401","03040301401",3,4,3,8,88,14,1,1,,7,6,2008,"**CONFIDENTIAL**","**CONFIDENTIAL**",,,,,,
"030406088800801","03040600801",3,4,6,8,88,8,1,1,,10,6,2008,"**CONFIDENTIAL**","**CONFIDENTIAL**",,,,,,
"030409088801203","03040901203",3,4,9,8,88,12,3,1,,16,6,2008,"**CONFIDENTIAL**","**CONFIDENTIAL**",,,,,,
"030411088800903","03041100903",3,4,11,8,88,9,3,1,,16,6,2008,"**CONFIDENTIAL**","**CONFIDENTIAL**",,,,,,
"030412010100105","03041200105",3,4,12,1,1,1,5,1,,11,6,2008,"**CONFIDENTIAL**","**CONFIDENTIAL**",,,,,,
"030414088802101","03041402101",3,4,14,8,88,21,1,1,,12,6,2008,"**CONFIDENTIAL**","**CONFIDENTIAL**",,,,,,
"030416088800204","03041600204",3,4,16,8,88,2,4,1,,3,7,2008,"**CONFIDENTIAL**","**CONFIDENTIAL**",,,,,,
"030418010100309","03041800309",3,4,18,1,1,3,9,1,,3,6,2008,"**CONFIDENTIAL**","**CONFIDENTIAL**",11.11353419,39.63766783,21,2519,"3/12/2016 11:51:56 AM",0.930769668394127
"030418010100807","03041800807",3,4,18,1,1,8,7,1,,18,6,2008,"**CONFIDENTIAL**","**CONFIDENTIAL**",11.13735521,39.64046209,32,2504,"2/26/2016 12:55:34 PM",0.493434137894509
"030501088801504","03050101504",3,5,1,8,88,15,4,1,,16,6,2008,"**CONFIDENTIAL**","**CONFIDENTIAL**",,,,,,
"030504088800305","03050400305",3,5,4,8,88,3,5,1,,18,6,2008,"**CONFIDENTIAL**","**CONFIDENTIAL**",,,,,,
"030507088801204","03050701204",3,5,7,8,88,12,4,1,,11,7,2008,"**CONFIDENTIAL**","**CONFIDENTIAL**",,,,,,
"030508010100106","03050800106",3,5,8,1,1,1,6,1,,12,6,2008,"**CONFIDENTIAL**","**CONFIDENTIAL**",10.34322857,39.95935932,3,1431,"2/20/2016 8:29:22 AM",0.432081158939787
"030509020100104","03050900104",3,5,9,2,1,1,4,1,,11,6,2008,"**CONFIDENTIAL**","**CONFIDENTIAL**",,,,,,
"030511088800307","03051100307",3,5,11,8,88,3,7,2,,9,6,2008,"**CONFIDENTIAL**","**CONFIDENTIAL**",,,,,,
"030513088800702","03051300702",3,5,13,8,88,7,2,1,,9,6,2008,"**CONFIDENTIAL**","**CONFIDENTIAL**",,,,,,
"030515088800703","03051500703",3,5,15,8,88,7,3,1,,17,6,2008,"**CONFIDENTIAL**","**CONFIDENTIAL**",,,,,,
"030521088800808","03052100808",3,5,21,8,88,8,8,1,,14,6,2008,"**CONFIDENTIAL**","**CONFIDENTIAL**",,,,,,
"030602088802603","03060202603",3,6,2,8,88,26,3,1,,7,6,2008,"**CONFIDENTIAL**","**CONFIDENTIAL**",,,,,,
"030604010100202","03060400202",3,6,4,1,1,2,2,1,,12,6,2008,"**CONFIDENTIAL**","**CONFIDENTIAL**",10.86525538,38.27144068,10,2608,"2/20/2016 5:50:02 AM",0.415301309626224
"030604088802001","03060402001",3,6,4,8,88,20,1,1,,6,7,2008,"**CONFIDENTIAL**","**CONFIDENTIAL**",,,,,,
"030606088802103","03060602103",3,6,6,8,88,21,3,3,,11,7,2008,"**CONFIDENTIAL**","**CONFIDENTIAL**",,,,,,
"030609088801807","03060901807",3,6,9,8,88,18,7,2,,6,7,2008,"**CONFIDENTIAL**","**CONFIDENTIAL**",,,,,,
"030611088802207","03061102207",3,6,11,8,88,22,7,1,,6,7,2008,"**CONFIDENTIAL**","**CONFIDENTIAL**",,,,,,
"030614010100105","03061400105",3,6,14,1,1,1,5,1,,7,7,2008,"**CONFIDENTIAL**","**CONFIDENTIAL**",,,,,,
"030616088801207","03061601207",3,6,16,8,88,12,7,1,,9,6,2008,"**CONFIDENTIAL**","**CONFIDENTIAL**",,,,,,
"030701088801406","03070101406",3,7,1,8,88,14,6,2,,10,6,2008,"**CONFIDENTIAL**","**CONFIDENTIAL**",,,,,,
"030703088800105","03070300105",3,7,3,8,88,1,5,1,,12,7,2008,"**CONFIDENTIAL**","**CONFIDENTIAL**",,,,,,
"030704088801302","03070401302",3,7,4,8,88,13,2,2,,10,7,2008,"**CONFIDENTIAL**","**CONFIDENTIAL**",,,,,,
"030705010100105","03070500105",3,7,5,1,1,1,5,1,,3,7,2008,"**CONFIDENTIAL**","**CONFIDENTIAL**",,,,,,
"030705088802405","03070502405",3,7,5,8,88,24,5,1,,7,7,2008,"**CONFIDENTIAL**","**CONFIDENTIAL**",,,,,,
"030708020100211","03070800211",3,7,8,2,1,2,11,1,,18,6,2008,"**CONFIDENTIAL**","**CONFIDENTIAL**",10.56401867,37.49028297,3,2089,"2/26/2016 1:46:41 PM",0.176309787284727
"030708088801402","03070801402",3,7,8,8,88,14,2,2,,7,7,2008,"**CONFIDENTIAL**","**CONFIDENTIAL**",,,,,,
"030710088801703","03071001703",3,7,10,8,88,17,3,1,,9,6,2008,"**CONFIDENTIAL**","**CONFIDENTIAL**",,,,,,
"030713088801304","03071301304",3,7,13,8,88,13,4,2,,4,7,2008,"**CONFIDENTIAL**","**CONFIDENTIAL**",,,,,,
"030802088801503","03080201503",3,8,2,8,88,15,3,1,,5,6,2008,"**CONFIDENTIAL**","**CONFIDENTIAL**",,,,,,
"030803010100107","03080300107",3,8,3,1,1,1,7,1,,5,6,2008,"**CONFIDENTIAL**","**CONFIDENTIAL**",,,,,,
"030803088800603","03080300603",3,8,3,8,88,6,3,1,,14,6,2008,"**CONFIDENTIAL**","**CONFIDENTIAL**",,,,,,
"030804088800503","03080400503",3,8,4,8,88,5,3,1,,12,6,2008,"**CONFIDENTIAL**","**CONFIDENTIAL**",,,,,,
"030901088801202","03090101202",3,9,1,8,88,12,2,1,,3,7,2008,"**CONFIDENTIAL**","**CONFIDENTIAL**",,,,,,
"030902088802501","03090202501",3,9,2,8,88,25,1,1,,25,6,2008,"**CONFIDENTIAL**","**CONFIDENTIAL**",,,,,,
"030902088803201","03090203201",3,9,2,8,88,32,1,1,,1,7,2008,"**CONFIDENTIAL**","**CONFIDENTIAL**",,,,,,
"030903080100101","03090300101",3,9,3,8,1,1,1,1,,10,6,2008,"**CONFIDENTIAL**","**CONFIDENTIAL**",10.85129977,36.89256179,24,2351,"2/18/2016 7:26:56 AM",0.644709829541254
"030904088800702","03090400702",3,9,4,8,88,7,2,1,,13,6,2008,"**CONFIDENTIAL**","**CONFIDENTIAL**",,,,,,
"030905088801102","03090501102",3,9,5,8,88,11,2,1,,3,7,2008,"**CONFIDENTIAL**","**CONFIDENTIAL**",,,,,,
"030906020100105","03090600105",3,9,6,2,1,1,5,1,,12,6,2008,"**CONFIDENTIAL**","**CONFIDENTIAL**",,,,,,
"031001088801106","03100101106",3,10,1,8,88,11,6,1,,10,6,2008,"**CONFIDENTIAL**","**CONFIDENTIAL**",,,,,,
"031002088801601","03100201601",3,10,2,8,88,16,1,1,,14,6,2008,"**CONFIDENTIAL**","**CONFIDENTIAL**",,,,,,
"031004010100103","03100400103",3,10,4,1,1,1,3,1,,16,6,2008,"**CONFIDENTIAL**","**CONFIDENTIAL**",,,,,,
"031004088800408","03100400408",3,10,4,8,88,4,8,1,,11,6,2008,"**CONFIDENTIAL**","**CONFIDENTIAL**",,,,,,
"031101010100318","03110100318",3,11,1,1,1,3,18,1,,29,6,2008,"**CONFIDENTIAL**","**CONFIDENTIAL**",11.58944683,37.3863656,27,1808,"3/10/2016 5:32:32 AM",0.954428100471584
"031101010100719","03110100719",3,11,1,1,1,7,19,1,,22,6,2008,"**CONFIDENTIAL**","**CONFIDENTIAL**",11.58880632,37.38635534,14,1782,"3/1/2016 10:00:22 AM",0.735439843840636
"031101010101201","03110101201",3,11,1,1,1,12,1,1,,18,6,2008,"**CONFIDENTIAL**","**CONFIDENTIAL**",11.58887516,37.38657861,5,1819,"2/22/2016 7:57:26 AM",0.9207477485392
"031201088800101","03120100101",3,12,1,8,88,1,1,1,,10,6,2008,"**CONFIDENTIAL**","**CONFIDENTIAL**",,,,,,
"031201088800303","03120100303",3,12,1,8,88,3,3,1,,12,6,2008,"**CONFIDENTIAL**","**CONFIDENTIAL**",,,,,,
"031201088800504","03120100504",3,12,1,8,88,5,4,1,,10,6,2008,"**CONFIDENTIAL**","**CONFIDENTIAL**",,,,,,
"040101088802202","04010102202",4,1,1,8,88,22,2,2,,17,6,2008,"**CONFIDENTIAL**","**CONFIDENTIAL**",,,,,,
"040106088801302","04010601302",4,1,6,8,88,13,2,1,,16,6,2008,"**CONFIDENTIAL**","**CONFIDENTIAL**",,,,,,
"040113088800501","04011300501",4,1,13,8,88,5,1,2,,10,6,2008,"**CONFIDENTIAL**","**CONFIDENTIAL**",,,,,,
"040116020100103","04011600103",4,1,16,2,1,1,3,1,,16,6,2008,"**CONFIDENTIAL**","**CONFIDENTIAL**",,,,,,
"040117010100211","04011700211",4,1,17,1,1,2,11,1,,11,6,2008,"**CONFIDENTIAL**","**CONFIDENTIAL**",9.1733822,35.83364167,4,1951,"2/19/2016 9:37:46 AM",0.139442835533732
"040118088802402","04011802402",4,1,18,8,88,24,2,2,,8,6,2008,"**CONFIDENTIAL**","**CONFIDENTIAL**",,,,,,
"040204088801105","04020401105",4,2,4,8,88,11,5,1,,16,6,2008,"**CONFIDENTIAL**","**CONFIDENTIAL**",,,,,,
"040210088801102","04021001102",4,2,10,8,88,11,2,1,,8,7,2008,"**CONFIDENTIAL**","**CONFIDENTIAL**",,,,,,
"040214010200204","04021400204",4,2,14,1,2,2,4,1,,12,6,2008,"**CONFIDENTIAL**","**CONFIDENTIAL**",,,,,,
"040214088801801","04021401801",4,2,14,8,88,18,1,1,,13,6,2008,"**CONFIDENTIAL**","**CONFIDENTIAL**",,,,,,
"040302088801803","04030201803",4,3,2,8,88,18,3,1,,6,7,2008,"**CONFIDENTIAL**","**CONFIDENTIAL**",,,,,,
"040308010100108","04030800108",4,3,8,1,1,1,8,2,,13,7,2008,"**CONFIDENTIAL**","**CONFIDENTIAL**",,,,,,
"040308088800401","04030800401",4,3,8,8,88,4,1,2,,13,7,2008,"**CONFIDENTIAL**","**CONFIDENTIAL**",,,,,,
"040314088800602","04031400602",4,3,14,8,88,6,2,2,,16,7,2008,"**CONFIDENTIAL**","**CONFIDENTIAL**",,,,,,
"040321010100214","04032100214",4,3,21,1,1,2,14,1,,12,6,2008,"**CONFIDENTIAL**","**CONFIDENTIAL**",8.4605571,36.35037866,36,2008,"3/19/2016 1:56:59 PM",0.0510928146779038
"040401088801103","04040101103",4,4,1,8,88,11,3,2,,12,6,2008,"**CONFIDENTIAL**","**CONFIDENTIAL**",,,,,,
"040405088801902","04040501902",4,4,5,8,88,19,2,1,,27,6,2008,"**CONFIDENTIAL**","**CONFIDENTIAL**",,,,,,
"040410088800701","04041000701",4,4,10,8,88,7,1,1,,17,6,2008,"**CONFIDENTIAL**","**CONFIDENTIAL**",,,,,,
"040412010100104","04041200104",4,4,12,1,1,1,4,1,,4,7,2008,"**CONFIDENTIAL**","**CONFIDENTIAL**",,,,,,
"040414088801702","04041401702",4,4,14,8,88,17,2,2,,6,7,2008,"**CONFIDENTIAL**","**CONFIDENTIAL**",,,,,,
"040503088803104","04050303104",4,5,3,8,88,31,4,2,,13,6,2008,"**CONFIDENTIAL**","**CONFIDENTIAL**",,,,,,
"040508088803103","04050803103",4,5,8,8,88,31,3,1,,10,6,2008,"**CONFIDENTIAL**","**CONFIDENTIAL**",,,,,,
"040512010100104","04051200104",4,5,12,1,1,1,4,1,,16,6,2008,"**CONFIDENTIAL**","**CONFIDENTIAL**",,,,,,
"040513088802405","04051302405",4,5,13,8,88,24,5,2,,8,6,2008,"**CONFIDENTIAL**","**CONFIDENTIAL**",,,,,,
"040520010100113","04052000113",4,5,20,1,1,1,13,1,,15,6,2008,"**CONFIDENTIAL**","**CONFIDENTIAL**",9.06108054,38.49025816,8,2382,"2/22/2016 12:11:26 PM",0.903318169947396
"040601020100102","04060100102",4,6,1,2,1,1,2,,,,,,"**CONFIDENTIAL**","**CONFIDENTIAL**",,,,,,
"040601088802303","04060102303",4,6,1,8,88,23,3,1,,2,7,2008,"**CONFIDENTIAL**","**CONFIDENTIAL**",,,,,,
"040605088801004","04060501004",4,6,5,8,88,10,4,,,,,,"**CONFIDENTIAL**","**CONFIDENTIAL**",,,,,,
"040608088801902","04060801902",4,6,8,8,88,19,2,1,,11,6,2008,"**CONFIDENTIAL**","**CONFIDENTIAL**",,,,,,
"040701088801502","04070101502",4,7,1,8,88,15,2,2,,29,6,2008,"**CONFIDENTIAL**","**CONFIDENTIAL**",,,,,,
"040704088801002","04070401002",4,7,4,8,88,10,2,1,,28,6,2008,"**CONFIDENTIAL**","**CONFIDENTIAL**",,,,,,
"040707010100104","04070700104",4,7,7,1,1,1,4,1,,18,6,2008,"**CONFIDENTIAL**","**CONFIDENTIAL**",8.15318199,38.82543193,25,1687,"3/12/2016 9:17:14 AM",0.379605380995015
"040707088802702","04070702702",4,7,7,8,88,27,2,1,,,,,"**CONFIDENTIAL**","**CONFIDENTIAL**",,,,,,
"040712088802302","04071202302",4,7,12,8,88,23,2,2,,23,6,2008,"**CONFIDENTIAL**","**CONFIDENTIAL**",,,,,,
"040713010100209","04071300209",4,7,13,1,1,2,9,1,,23,6,2008,"**CONFIDENTIAL**","**CONFIDENTIAL**",7.93450726,38.71370255,4,1658,"3/12/2016 1:24:13 PM",0.972445791108741
"040806088800802","04080600802",4,8,6,8,88,8,2,,,,,,"**CONFIDENTIAL**","**CONFIDENTIAL**",,,,,,
"040808010100107","04080800107",4,8,8,1,1,1,7,1,,28,7,2008,"**CONFIDENTIAL**","**CONFIDENTIAL**",,,,,,
"040812088802401","04081202401",4,8,12,8,88,24,1,1,,24,6,2008,"**CONFIDENTIAL**","**CONFIDENTIAL**",,,,,,
"040817088802801","04081702801",4,8,17,8,88,28,1,1,,1,7,2008,"**CONFIDENTIAL**","**CONFIDENTIAL**",,,,,,
"040825010100102","04082500102",4,8,25,1,1,1,2,1,,8,6,2008,"**CONFIDENTIAL**","**CONFIDENTIAL**",8.54785552,39.27037999,14,1629,"3/21/2016 10:40:18 AM",0.648538214456541
"040901088800304","04090100304",4,9,1,8,88,3,4,1,,1,7,2008,"**CONFIDENTIAL**","**CONFIDENTIAL**",,,,,,
"040907088800105","04090700105",4,9,7,8,88,1,5,1,,1,7,2008,"**CONFIDENTIAL**","**CONFIDENTIAL**",,,,,,
"040909010100105","04090900105",4,9,9,1,1,1,5,2,,3,7,2008,"**CONFIDENTIAL**","**CONFIDENTIAL**",,,,,,
"040910088801104","04091001104",4,9,10,8,88,11,4,1,,7,7,2008,"**CONFIDENTIAL**","**CONFIDENTIAL**",,,,,,
"040913088801004","04091301004",4,9,13,8,88,10,4,1,,1,7,2008,"**CONFIDENTIAL**","**CONFIDENTIAL**",,,,,,
"040914010100212","04091400212",4,9,14,1,1,2,12,1,,20,6,2008,"**CONFIDENTIAL**","**CONFIDENTIAL**",8.90530378,40.77741869,7,1702,"2/28/2016 12:57:40 PM",0.60612601861643
"041005088800403","04100500403",4,10,5,8,88,4,3,2,,10,6,2008,"**CONFIDENTIAL**","**CONFIDENTIAL**",,,,,,
"041009088803605","04100903605",4,10,9,8,88,36,5,1,,14,6,2008,"**CONFIDENTIAL**","**CONFIDENTIAL**",,,,,,
"041013088802203","04101302203",4,10,13,8,88,22,3,3,,12,7,2008,"**CONFIDENTIAL**","**CONFIDENTIAL**",,,,,,
"041016088800104","04101600104",4,10,16,8,88,1,4,3,,10,7,2008,"**CONFIDENTIAL**","**CONFIDENTIAL**",,,,,,
"041104088801304","04110401304",4,11,4,8,88,13,4,1,,12,7,2008,"**CONFIDENTIAL**","**CONFIDENTIAL**",,,,,,
"041108088801402","04110801402",4,11,8,8,88,14,2,3,,10,4,2008,"**CONFIDENTIAL**","**CONFIDENTIAL**",,,,,,
"041112088800402","04111200402",4,11,12,8,88,4,2,1,,7,7,2008,"**CONFIDENTIAL**","**CONFIDENTIAL**",,,,,,
"041116088801404","04111601404",4,11,16,8,88,14,4,3,,4,7,2008,"**CONFIDENTIAL**","**CONFIDENTIAL**",,,,,,
"041118088800102","04111800102",4,11,18,8,88,1,2,1,,24,6,2008,"**CONFIDENTIAL**","**CONFIDENTIAL**",,,,,,
"041119010100317","04111900317",4,11,19,1,1,3,17,1,,17,6,2008,"**CONFIDENTIAL**","**CONFIDENTIAL**",7.10716177,40.00646842,5,2482,"2/25/2016 7:53:56 AM",0.251959595946576
"041206088802801","04120602801",4,12,6,8,88,28,1,2,,12,6,2008,"**CONFIDENTIAL**","**CONFIDENTIAL**",,,,,,
"041211088801301","04121101301",4,12,11,8,88,13,1,2,,18,6,2008,"**CONFIDENTIAL**","**CONFIDENTIAL**",,,,,,
"041216088800101","04121600101",4,12,16,8,88,1,1,2,,13,6,2008,"**CONFIDENTIAL**","**CONFIDENTIAL**",,,,,,
"041302088801103","04130201103",4,13,2,8,88,11,3,1,,8,6,2008,"**CONFIDENTIAL**","**CONFIDENTIAL**",,,,,,
"041305010100102","04130500102",4,13,5,1,1,1,2,1,,12,6,2008,"**CONFIDENTIAL**","**CONFIDENTIAL**",,,,,,
"041306088800204","04130600204",4,13,6,8,88,2,4,1,,6,7,2008,"**CONFIDENTIAL**","**CONFIDENTIAL**",,,,,,
"041309088801003","04130901003",4,13,9,8,88,10,3,1,,12,6,2008,"**CONFIDENTIAL**","**CONFIDENTIAL**",,,,,,
"041314010100306","04131400306",4,13,14,1,1,3,6,3,"megazen",12,6,2008,"**CONFIDENTIAL**","**CONFIDENTIAL**",8.9244965,38.65706441,43,2294,"2/20/2016 7:16:45 AM",0.349519352125711
"041402088802701","04140202701",4,14,2,8,88,27,1,,,,,,"**CONFIDENTIAL**","**CONFIDENTIAL**",,,,,,
"041405088801906","04140501906",4,14,5,8,88,19,6,1,,9,6,2008,"**CONFIDENTIAL**","**CONFIDENTIAL**",,,,,,
"041409088800501","04140900501",4,14,9,8,88,5,1,2,,15,6,2008,"**CONFIDENTIAL**","**CONFIDENTIAL**",,,,,,
"041501010100115","04150100115",4,15,1,1,1,1,15,1,,23,6,2008,"**CONFIDENTIAL**","**CONFIDENTIAL**",7.96072976,39.13156991,25,2287,"3/5/2016 8:51:33 AM",0.118521516732183
"041501010100331","04150100331",4,15,1,1,1,3,31,1,,25,6,2008,"**CONFIDENTIAL**","**CONFIDENTIAL**",8.5488671,39.26783477,34,1645,"3/5/2016 2:06:03 PM",0.283836514355539
"041501010100524","04150100524",4,15,1,1,1,5,24,1,,6,7,2008,"**CONFIDENTIAL**","**CONFIDENTIAL**",8.54785467,39.27023322,8,1627,"3/21/2016 10:38:37 AM",0.126541012957013
"041501010100918","04150100918",4,15,1,1,1,9,18,1,,25,6,2008,"**CONFIDENTIAL**","**CONFIDENTIAL**",8.54878251,39.26782366,45,1651,"3/5/2016 2:06:48 PM",0.17666408567534
"041501010101124","04150101124",4,15,1,1,1,11,24,1,,11,6,2008,"**CONFIDENTIAL**","**CONFIDENTIAL**",8.54777377,39.27054435,15,1634,"3/21/2016 10:39:38 AM",0.778183734872464
"041501010101430","04150101430",4,15,1,1,1,14,30,1,,16,9,2008,"**CONFIDENTIAL**","**CONFIDENTIAL**",8.5415486,39.28177782,36,1657,"3/10/2016 1:06:08 PM",0.0605106102584445
"041601010100603","04160100603",4,16,1,1,1,6,3,1,,14,6,2008,"**CONFIDENTIAL**","**CONFIDENTIAL**",7.66616224,36.83473264,43,1699,"2/23/2016 12:04:09 PM",0.890666612838705
"041601010101109","04160101109",4,16,1,1,1,11,9,1,,15,6,2008,"**CONFIDENTIAL**","**CONFIDENTIAL**",7.66546848,36.83457372,43,1705,"2/23/2016 12:07:07 PM",0.920993416998998
"041703088801901","04170301901",4,17,3,8,88,19,1,1,,25,6,2008,"**CONFIDENTIAL**","**CONFIDENTIAL**",,,,,,
"041706010100124","04170600124",4,17,6,1,1,1,24,1,,6,7,2008,"**CONFIDENTIAL**","**CONFIDENTIAL**",7.10043026,39.19776904,3,2358,"3/15/2016 6:44:16 AM",0.647188710815827
"041707088800204","04170700204",4,17,7,8,88,2,4,1,,12,7,2008,"**CONFIDENTIAL**","**CONFIDENTIAL**",,,,,,
"041711010100202","04171100202",4,17,11,1,1,2,2,1,,5,7,2008,"**CONFIDENTIAL**","**CONFIDENTIAL**",7.20625835,38.5950974,30,1923,"3/14/2016 8:39:45 AM",0.00495194457701964
"041711010100511","04171100511",4,17,11,1,1,5,11,1,,2,7,2008,"**CONFIDENTIAL**","**CONFIDENTIAL**",7.18965124,38.60571868,5,1982,"3/14/2016 12:20:14 PM",0.523514594660846
"041712088800807","04171200807",4,17,12,8,88,8,7,1,,21,6,2008,"**CONFIDENTIAL**","**CONFIDENTIAL**",,,,,,
"041803088801004","04180301004",4,18,3,8,88,10,4,1,,12,6,2008,"**CONFIDENTIAL**","**CONFIDENTIAL**",,,,,,
"041807088801106","04180701106",4,18,7,8,88,11,6,1,,14,6,2008,"**CONFIDENTIAL**","**CONFIDENTIAL**",,,,,,
"041901088800103","04190100103",4,19,1,8,88,1,3,1,,19,6,2008,"**CONFIDENTIAL**","**CONFIDENTIAL**",,,,,,
"041904088800101","04190400101",4,19,4,8,88,1,1,1,,13,6,2008,"**CONFIDENTIAL**","**CONFIDENTIAL**",,,,,,
"041908088800704","04190800704",4,19,8,8,88,7,4,1,,10,6,2008,"**CONFIDENTIAL**","**CONFIDENTIAL**",,,,,,
"050101088800902","05010100902",5,1,1,8,88,9,2,2,,17,6,2008,"**CONFIDENTIAL**","**CONFIDENTIAL**",,,,,,
"050102010100101","05010200101",5,1,2,1,1,1,1,1,,15,6,2008,"**CONFIDENTIAL**","**CONFIDENTIAL**",,,,,,
"050102088802401","05010202401",5,1,2,8,88,24,1,2,,13,6,2008,"**CONFIDENTIAL**","**CONFIDENTIAL**",,,,,,
"050103088801101","05010301101",5,1,3,8,88,11,1,2,,16,6,2008,"**CONFIDENTIAL**","**CONFIDENTIAL**",,,,,,
"050104088801102","05010401102",5,1,4,8,88,11,2,2,,6,7,2008,"**CONFIDENTIAL**","**CONFIDENTIAL**",,,,,,
"050104088801701","05010401701",5,1,4,8,88,17,1,2,,8,7,2008,"**CONFIDENTIAL**","**CONFIDENTIAL**",,,,,,
"050202088800102","05020200102",5,2,2,8,88,1,2,1,,15,6,2008,"**CONFIDENTIAL**","**CONFIDENTIAL**",,,,,,
"050202088801001","05020201001",5,2,2,8,88,10,1,1,,15,6,2008,"**CONFIDENTIAL**","**CONFIDENTIAL**",,,,,,
"050204010100624","05020400624",5,2,4,1,1,6,24,2,,24,6,2008,"**CONFIDENTIAL**","**CONFIDENTIAL**",9.36265286,42.79891617,22,1637,"3/3/2016 7:39:40 AM",0.508358126742932
"050204088808901","05020408901",5,2,4,8,88,89,1,2,,18,6,2008,"**CONFIDENTIAL**","**CONFIDENTIAL**",,,,,,
"050204088816502","05020416502",5,2,4,8,88,165,2,1,,29,6,2008,"**CONFIDENTIAL**","**CONFIDENTIAL**",,,,,,
"050206010100202","05020600202",5,2,6,1,1,2,2,2,,13,6,2008,"**CONFIDENTIAL**","**CONFIDENTIAL**",9.10356034,43.17774392,13,1724,"2/21/2016 7:21:37 AM",0.616433463812076
"050206010100310","05020600310",5,2,6,1,1,3,10,2,,10,6,2008,"**CONFIDENTIAL**","**CONFIDENTIAL**",9.15563947,43.35365507,12,1585,"2/21/2016 5:24:40 AM",0.993315925352888
"050206088800901","05020600901",5,2,6,8,88,9,1,2,,14,6,2008,"**CONFIDENTIAL**","**CONFIDENTIAL**",,,,,,
"050206088802801","05020602801",5,2,6,8,88,28,1,2,,10,6,2008,"**CONFIDENTIAL**","**CONFIDENTIAL**",,,,,,
"050206088803803","05020603803",5,2,6,8,88,38,3,2,,12,6,2008,"**CONFIDENTIAL**","**CONFIDENTIAL**",,,,,,
"050207088804801","05020704801",5,2,7,8,88,48,1,2,,17,6,2008,"**CONFIDENTIAL**","**CONFIDENTIAL**",,,,,,
"050207088809201","05020709201",5,2,7,8,88,92,1,2,,19,6,2008,"**CONFIDENTIAL**","**CONFIDENTIAL**",,,,,,
"050901088800907","05090100907",5,9,1,8,88,9,7,2,,14,7,2008,"**CONFIDENTIAL**","**CONFIDENTIAL**",,,,,,
"050901088802802","05090102802",5,9,1,8,88,28,2,2,,12,6,2008,"**CONFIDENTIAL**","**CONFIDENTIAL**",,,,,,
"050902088801201","05090201201",5,9,2,8,88,12,1,1,,11,6,2008,"**CONFIDENTIAL**","**CONFIDENTIAL**",,,,,,
"050903088802001","05090302001",5,9,3,8,88,20,1,2,,19,6,2008,"**CONFIDENTIAL**","**CONFIDENTIAL**",,,,,,
"050903088802602","05090302602",5,9,3,8,88,26,2,2,,22,6,2008,"**CONFIDENTIAL**","**CONFIDENTIAL**",,,,,,
"050903088803404","05090303404",5,9,3,8,88,34,4,2,,14,6,2008,"**CONFIDENTIAL**","**CONFIDENTIAL**",,,,,,
"050904010100101","05090400101",5,9,4,1,1,1,1,1,,,,,"**CONFIDENTIAL**","**CONFIDENTIAL**",,,,,,
"050904088800302","05090400302",5,9,4,8,88,3,2,1,,13,7,2008,"**CONFIDENTIAL**","**CONFIDENTIAL**",,,,,,
"060201088800802","06020100802",6,2,1,8,88,8,2,1,,30,6,2008,"**CONFIDENTIAL**","**CONFIDENTIAL**",,,,,,
"060204088800402","06020400402",6,2,4,8,88,4,2,1,,3,7,2008,"**CONFIDENTIAL**","**CONFIDENTIAL**",,,,,,
"060207088801002","06020701002",6,2,7,8,88,10,2,2,,12,6,2008,"**CONFIDENTIAL**","**CONFIDENTIAL**",,,,,,
"060301088800301","06030100301",6,3,1,8,88,3,1,1,,26,6,2008,"**CONFIDENTIAL**","**CONFIDENTIAL**",,,,,,
"060303088804202","06030304202",6,3,3,8,88,42,2,1,,16,6,2008,"**CONFIDENTIAL**","**CONFIDENTIAL**",,,,,,
"060305010100102","06030500102",6,3,5,1,1,1,2,1,,15,6,2008,"**CONFIDENTIAL**","**CONFIDENTIAL**",,,,,,
"060305088803003","06030503003",6,3,5,8,88,30,3,1,,15,6,2008,"**CONFIDENTIAL**","**CONFIDENTIAL**",,,,,,
"060402088800801","06040200801",6,4,2,8,88,8,1,1,,9,6,2008,"**CONFIDENTIAL**","**CONFIDENTIAL**",,,,,,
"060405088800203","06040500203",6,4,5,8,88,2,3,1,,12,6,2008,"**CONFIDENTIAL**","**CONFIDENTIAL**",,,,,,
"060608088800402","06060800402",6,6,8,8,88,4,2,1,,28,6,2008,"**CONFIDENTIAL**","**CONFIDENTIAL**",,,,,,
"060608088801401","06060801401",6,6,8,8,88,14,1,1,,30,6,2008,"**CONFIDENTIAL**","**CONFIDENTIAL**",,,,,,
"070103088800404","07010300404",7,1,3,8,88,4,4,1,,6,6,2008,"**CONFIDENTIAL**","**CONFIDENTIAL**",,,,,,
"070105088802502","07010502502",7,1,5,8,88,25,2,1,,11,6,2008,"**CONFIDENTIAL**","**CONFIDENTIAL**",,,,,,
"070108088800701","07010800701",7,1,8,8,88,7,1,1,,10,6,2008,"**CONFIDENTIAL**","**CONFIDENTIAL**",,,,,,
"070110010100102","07011000102",7,1,10,1,1,1,2,1,,17,6,2008,"**CONFIDENTIAL**","**CONFIDENTIAL**",,,,,,
"070111088800401","07011100401",7,1,11,8,88,4,1,1,,12,6,2008,"**CONFIDENTIAL**","**CONFIDENTIAL**",,,,,,
"070112088802605","07011202605",7,1,12,8,88,26,5,1,,8,6,2008,"**CONFIDENTIAL**","**CONFIDENTIAL**",,,,,,
"070115010100108","07011500108",7,1,15,1,1,1,8,1,,18,6,2008,"**CONFIDENTIAL**","**CONFIDENTIAL**",8.11872471,38.37061389,7,2062,"2/26/2016 7:41:56 AM",0.568711861301545
"070202010100105","07020200105",7,2,2,1,1,1,5,1,,18,6,2008,"**CONFIDENTIAL**","**CONFIDENTIAL**",,,,,,
"070202088801001","07020201001",7,2,2,8,88,10,1,1,,11,6,2008,"**CONFIDENTIAL**","**CONFIDENTIAL**",,,,,,
"070205088801302","07020501302",7,2,5,8,88,13,2,1,,6,7,2008,"**CONFIDENTIAL**","**CONFIDENTIAL**",,,,,,
"070207088801001","07020701001",7,2,7,8,88,10,1,1,,3,7,2008,"**CONFIDENTIAL**","**CONFIDENTIAL**",,,,,,
"070210088801401","07021001401",7,2,10,8,88,14,1,1,,6,6,2008,"**CONFIDENTIAL**","**CONFIDENTIAL**",,,,,,
"070211010100311","07021100311",7,2,11,1,1,3,11,1,,12,6,2008,"**CONFIDENTIAL**","**CONFIDENTIAL**",7.54509914,37.85703027,42,2344,"2/19/2016 7:31:57 AM",0.0605036323240509
"070302088800501","07030200501",7,3,2,8,88,5,1,1,,6,7,2008,"**CONFIDENTIAL**","**CONFIDENTIAL**",,,,,,
"070304088800501","07030400501",7,3,4,8,88,5,1,1,,19,6,2008,"**CONFIDENTIAL**","**CONFIDENTIAL**",,,,,,
"070306088800204","07030600204",7,3,6,8,88,2,4,1,,10,6,2008,"**CONFIDENTIAL**","**CONFIDENTIAL**",,,,,,
"070401088801103","07040101103",7,4,1,8,88,11,3,1,,10,6,2008,"**CONFIDENTIAL**","**CONFIDENTIAL**",,,,,,
"070404088800903","07040400903",7,4,4,8,88,9,3,1,,13,7,2008,"**CONFIDENTIAL**","**CONFIDENTIAL**",,,,,,
"070405010100603","07040500603",7,4,5,1,1,6,3,1,,24,6,2008,"**CONFIDENTIAL**","**CONFIDENTIAL**",6.60000017,38.42415687,5,1911,"3/4/2016 12:41:19 PM",0.0264192260924816
"070406088801903","07040601903",7,4,6,8,88,19,3,1,,12,7,2008,"**CONFIDENTIAL**","**CONFIDENTIAL**",,,,,,
"070409088801103","07040901103",7,4,9,8,88,11,3,1,,,,,"**CONFIDENTIAL**","**CONFIDENTIAL**",,,,,,
"070410010100105","07041000105",7,4,10,1,1,1,5,2,,11,6,2008,"**CONFIDENTIAL**","**CONFIDENTIAL**",,,,,,
"070412088800908","07041200908",7,4,12,8,88,9,8,1,,18,6,2008,"**CONFIDENTIAL**","**CONFIDENTIAL**",,,,,,
"070417088800202","07041700202",7,4,17,8,88,2,2,1,,13,6,2008,"**CONFIDENTIAL**","**CONFIDENTIAL**",,,,,,
"070501088800907","07050100907",7,5,1,8,88,9,7,1,,10,6,2008,"**CONFIDENTIAL**","**CONFIDENTIAL**",,,,,,
"070502088801705","07050201705",7,5,2,8,88,17,5,2,,8,6,2008,"**CONFIDENTIAL**","**CONFIDENTIAL**",,,,,,
"070503088802201","07050302201",7,5,3,8,88,22,1,3,,11,6,2008,"**CONFIDENTIAL**","**CONFIDENTIAL**",,,,,,
"070505088800304","07050500304",7,5,5,8,88,3,4,1,,3,6,2008,"**CONFIDENTIAL**","**CONFIDENTIAL**",,,,,,
"070506088801303","07050601303",7,5,6,8,88,13,3,2,,10,6,2008,"**CONFIDENTIAL**","**CONFIDENTIAL**",,,,,,
"070601010100207","07060100207",7,6,1,1,1,2,7,1,,11,7,2008,"**CONFIDENTIAL**","**CONFIDENTIAL**",7.07400856,37.70627726,6,1737,"2/19/2016 3:07:09 PM",0.728347949557168
"070602088801501","07060201501",7,6,2,8,88,15,1,1,,16,6,2008,"**CONFIDENTIAL**","**CONFIDENTIAL**",,,,,,
"070603010100103","07060300103",7,6,3,1,1,1,3,1,,21,6,2008,"**CONFIDENTIAL**","**CONFIDENTIAL**",,,,,,
"070605088800601","07060500601",7,6,5,8,88,6,1,1,,28,6,2008,"**CONFIDENTIAL**","**CONFIDENTIAL**",,,,,,
"070607088800601","07060700601",7,6,7,8,88,6,1,1,,7,6,2008,"**CONFIDENTIAL**","**CONFIDENTIAL**",,,,,,
"070610088800902","07061000902",7,6,10,8,88,9,2,1,,14,6,2008,"**CONFIDENTIAL**","**CONFIDENTIAL**",,,,,,
"070613010100335","07061300335",7,6,13,1,1,3,35,1,,12,6,2008,"**CONFIDENTIAL**","**CONFIDENTIAL**",6.86213719,37.76686213,8,2021,"2/23/2016 10:44:48 AM",0.8715521278193
"070702088802904","07070202904",7,7,2,8,88,29,4,1,,8,7,2008,"**CONFIDENTIAL**","**CONFIDENTIAL**",,,,,,
"070703088802101","07070302101",7,7,3,8,88,21,1,1,,12,6,2008,"**CONFIDENTIAL**","**CONFIDENTIAL**",,,,,,
"070706010100103","07070600103",7,7,6,1,1,1,3,2,,15,6,2008,"**CONFIDENTIAL**","**CONFIDENTIAL**",,,,,,
"070801088800401","07080100401",7,8,1,8,88,4,1,1,,23,6,2008,"**CONFIDENTIAL**","**CONFIDENTIAL**",,,,,,
"070803088800206","07080300206",7,8,3,8,88,2,6,1,,1,7,2008,"**CONFIDENTIAL**","**CONFIDENTIAL**",,,,,,
"070803088801501","07080301501",7,8,3,8,88,15,1,1,,30,6,2008,"**CONFIDENTIAL**","**CONFIDENTIAL**",,,,,,
"070902088800503","07090200503",7,9,2,8,88,5,3,1,,2,7,2008,"**CONFIDENTIAL**","**CONFIDENTIAL**",,,,,,
"070905088800303","07090500303",7,9,5,8,88,3,3,1,,5,7,2008,"**CONFIDENTIAL**","**CONFIDENTIAL**",,,,,,
"070906010100104","07090600104",7,9,6,1,1,1,4,1,,4,7,2008,"**CONFIDENTIAL**","**CONFIDENTIAL**",,,,,,
"070907088801501","07090701501",7,9,7,8,88,15,1,1,,3,7,2008,"**CONFIDENTIAL**","**CONFIDENTIAL**",,,,,,
"070909088800601","07090900601",7,9,9,8,88,6,1,1,,27,6,2008,"**CONFIDENTIAL**","**CONFIDENTIAL**",,,,,,
"071001088800403","07100100403",7,10,1,8,88,4,3,1,,10,6,2008,"**CONFIDENTIAL**","**CONFIDENTIAL**",,,,,,
"071003088801001","07100301001",7,10,3,8,88,10,1,2,,6,7,2008,"**CONFIDENTIAL**","**CONFIDENTIAL**",,,,,,
"071006088802401","07100602401",7,10,6,8,88,24,1,1,,6,7,2008,"**CONFIDENTIAL**","**CONFIDENTIAL**",,,,,,
"071008088800105","07100800105",7,10,8,8,88,1,5,1,,5,6,2008,"**CONFIDENTIAL**","**CONFIDENTIAL**",,,,,,
"071009088801703","07100901703",7,10,9,8,88,17,3,1,,8,7,2008,"**CONFIDENTIAL**","**CONFIDENTIAL**",,,,,,
"071012088802901","07101202901",7,10,12,8,88,29,1,1,,10,7,2008,"**CONFIDENTIAL**","**CONFIDENTIAL**",,,,,,
"071016010100109","07101600109",7,10,16,1,1,1,9,1,,15,6,2008,"**CONFIDENTIAL**","**CONFIDENTIAL**",6.03929552,37.55510969,18,1222,"2/29/2016 1:43:37 PM",0.304901321094903
"071101088800201","07110100201",7,11,1,8,88,2,1,1,,30,6,2008,"**CONFIDENTIAL**","**CONFIDENTIAL**",,,,,,
"071103088801302","07110301302",7,11,3,8,88,13,2,1,,26,6,2008,"**CONFIDENTIAL**","**CONFIDENTIAL**",,,,,,
"071104010100302","07110400302",7,11,4,1,1,3,2,2,,12,6,2008,"**CONFIDENTIAL**","**CONFIDENTIAL**",,,,,,
"071104088801603","07110401603",7,11,4,8,88,16,3,2,,12,6,2008,"**CONFIDENTIAL**","**CONFIDENTIAL**",,,,,,
"071105088802003","07110502003",7,11,5,8,88,20,3,1,,1,7,2008,"**CONFIDENTIAL**","**CONFIDENTIAL**",,,,,,
"071108088800501","07110800501",7,11,8,8,88,5,1,2,,1,6,2008,"**CONFIDENTIAL**","**CONFIDENTIAL**",,,,,,
"071111010100401","07111100401",7,11,11,1,1,4,1,1,,15,6,2008,"**CONFIDENTIAL**","**CONFIDENTIAL**",6.99229636,35.59005388,12,1384,"2/24/2016 6:09:31 AM",0.959541467930908
"071201088800102","07120100102",7,12,1,8,88,1,2,1,,5,7,2008,"**CONFIDENTIAL**","**CONFIDENTIAL**",,,,,,
"071201088801602","07120101602",7,12,1,8,88,16,2,1,,10,6,2008,"**CONFIDENTIAL**","**CONFIDENTIAL**",,,,,,
"071201088802802","07120102802",7,12,1,8,88,28,2,1,,8,6,2008,"**CONFIDENTIAL**","**CONFIDENTIAL**",,,,,,
"071301088801301","07130101301",7,13,1,8,88,13,1,1,,8,7,2008,"**CONFIDENTIAL**","**CONFIDENTIAL**",,,,,,
"071301088802505","07130102505",7,13,1,8,88,25,5,1,,8,7,2008,"**CONFIDENTIAL**","**CONFIDENTIAL**",,,,,,
"071401088800402","07140100402",7,14,1,8,88,4,2,1,,11,6,2008,"**CONFIDENTIAL**","**CONFIDENTIAL**",,,,,,
"071401088801303","07140101303",7,14,1,8,88,13,3,1,,6,7,2008,"**CONFIDENTIAL**","**CONFIDENTIAL**",,,,,,
"071501088800704","07150100704",7,15,1,8,88,7,4,3,,8,7,2008,"**CONFIDENTIAL**","**CONFIDENTIAL**",,,,,,
"071501088802609","07150102609",7,15,1,8,88,26,9,3,,12,6,2008,"**CONFIDENTIAL**","**CONFIDENTIAL**",,,,,,
"071501088804404","07150104404",7,15,1,8,88,44,4,3,,12,6,2008,"**CONFIDENTIAL**","**CONFIDENTIAL**",,,,,,
"071601088800803","07160100803",7,16,1,8,88,8,3,1,,10,7,2008,"**CONFIDENTIAL**","**CONFIDENTIAL**",,,,,,
"071601088801705","07160101705",7,16,1,8,88,17,5,1,,10,7,2008,"**CONFIDENTIAL**","**CONFIDENTIAL**",,,,,,
"071701088800103","07170100103",7,17,1,8,88,1,3,1,,14,6,2008,"**CONFIDENTIAL**","**CONFIDENTIAL**",,,,,,
"071702020100104","07170200104",7,17,2,2,1,1,4,1,,18,6,2008,"**CONFIDENTIAL**","**CONFIDENTIAL**",,,,,,
"071702088800803","07170200803",7,17,2,8,88,8,3,1,,17,6,2008,"**CONFIDENTIAL**","**CONFIDENTIAL**",,,,,,
"071703088801401","07170301401",7,17,3,8,88,14,1,1,,19,6,2008,"**CONFIDENTIAL**","**CONFIDENTIAL**",,,,,,
"071704088802501","07170402501",7,17,4,8,88,25,1,1,,14,6,2008,"**CONFIDENTIAL**","**CONFIDENTIAL**",,,,,,
"071801088800101","07180100101",7,18,1,8,88,1,1,3,,4,7,2008,"**CONFIDENTIAL**","**CONFIDENTIAL**",,,,,,
"071801088801001","07180101001",7,18,1,8,88,10,1,1,,7,7,2008,"**CONFIDENTIAL**","**CONFIDENTIAL**",,,,,,
"071801088802302","07180102302",7,18,1,8,88,23,2,1,,8,7,2008,"**CONFIDENTIAL**","**CONFIDENTIAL**",,,,,,
"071901088800701","07190100701",7,19,1,8,88,7,1,1,,8,6,2008,"**CONFIDENTIAL**","**CONFIDENTIAL**",,,,,,
"071901088802302","07190102302",7,19,1,8,88,23,2,1,,12,6,2008,"**CONFIDENTIAL**","**CONFIDENTIAL**",,,,,,
"072001088801203","07200101203",7,20,1,8,88,12,3,1,,10,6,2008,"**CONFIDENTIAL**","**CONFIDENTIAL**",,,,,,
"072002088803802","07200203802",7,20,2,8,88,38,2,2,,10,6,2008,"**CONFIDENTIAL**","**CONFIDENTIAL**",,,,,,
"072005088800107","07200500107",7,20,5,8,88,1,7,1,,7,6,2008,"**CONFIDENTIAL**","**CONFIDENTIAL**",,,,,,
"072005088800604","07200500604",7,20,5,8,88,6,4,1,,12,6,2008,"**CONFIDENTIAL**","**CONFIDENTIAL**",,,,,,
"072008088800805","07200800805",7,20,8,8,88,8,5,1,,9,6,2008,"**CONFIDENTIAL**","**CONFIDENTIAL**",,,,,,
"072101088803003","07210103003",7,21,1,8,88,30,3,1,,8,7,2008,"**CONFIDENTIAL**","**CONFIDENTIAL**",,,,,,
"072101088806202","07210106202",7,21,1,8,88,62,2,1,,8,7,2008,"**CONFIDENTIAL**","**CONFIDENTIAL**",,,,,,
"072219010100115","07221900115",7,22,19,1,1,1,15,1,,16,6,2008,"**CONFIDENTIAL**","**CONFIDENTIAL**",7.05807768,38.47510972,23,1666,"2/23/2016 10:36:56 AM",0.571753906817992
"072219010100219","07221900219",7,22,19,1,1,2,19,1,,15,6,2008,"**CONFIDENTIAL**","**CONFIDENTIAL**",7.0579155,38.47524437,6,1685,"3/5/2016 8:13:21 AM",0.416305640440577
"072219010100401","07221900401",7,22,19,1,1,4,1,1,,14,6,2008,"**CONFIDENTIAL**","**CONFIDENTIAL**",7.05876999,38.47487217,8,1687,"2/23/2016 10:47:37 AM",0.798949419892835
"072219010100511","07221900511",7,22,19,1,1,5,11,2,,15,6,2008,"**CONFIDENTIAL**","**CONFIDENTIAL**",7.05801647,38.47447489,8,1686,"2/24/2016 1:56:38 PM",0.700037424312922
"072219010100606","07221900606",7,22,19,1,1,6,6,1,,18,6,2008,"**CONFIDENTIAL**","**CONFIDENTIAL**",7.05800605,38.47430721,4,1694,"2/24/2016 2:03:59 PM",0.4674666372442
"072219010100636","07221900636",7,22,19,1,1,6,36,1,,18,6,2008,"**CONFIDENTIAL**","**CONFIDENTIAL**",7.05831835,38.47423501,7,1675,"2/24/2016 2:05:25 PM",0.518939496725304
"072219010100723","07221900723",7,22,19,1,1,7,23,2,,17,6,2008,"**CONFIDENTIAL**","**CONFIDENTIAL**",7.03739667,38.47720089,43,1800,"2/26/2016 3:40:18 PM",0.147988439140836
"072219010100753","07221900753",7,22,19,1,1,7,53,1,,18,6,2008,"**CONFIDENTIAL**","**CONFIDENTIAL**",7.03688099,38.47779162,35,1751,"2/26/2016 3:48:43 PM",0.385520466317199
"120101010100103","12010100103",12,1,1,1,1,1,3,1,,15,8,2008,"**CONFIDENTIAL**","**CONFIDENTIAL**",8.25066472,34.59207547,26,444,"2/24/2016 7:52:46 AM",0.0147941103273975
"120101088800401","12010100401",12,1,1,8,88,4,1,2,,21,6,2008,"**CONFIDENTIAL**","**CONFIDENTIAL**",,,,,,
"120102088800401","12010200401",12,1,2,8,88,4,1,1,,15,6,2008,"**CONFIDENTIAL**","**CONFIDENTIAL**",,,,,,
"120102088800901","12010200901",12,1,2,8,88,9,1,1,,19,6,2008,"**CONFIDENTIAL**","**CONFIDENTIAL**",,,,,,
"120103010100103","12010300103",12,1,3,1,1,1,3,2,,17,6,2008,"**CONFIDENTIAL**","**CONFIDENTIAL**",,,,,,
"120201088801701","12020101701",12,2,1,8,88,17,1,2,,10,6,2008,"**CONFIDENTIAL**","**CONFIDENTIAL**",,,,,,
"120203088800401","12020300401",12,2,3,8,88,4,1,3,,14,6,2008,"**CONFIDENTIAL**","**CONFIDENTIAL**",,,,,,
"120301088800107","12030100107",12,3,1,8,88,1,7,1,,29,6,2008,"**CONFIDENTIAL**","**CONFIDENTIAL**",,,,,,
"120301088800704","12030100704",12,3,1,8,88,7,4,1,,7,7,2008,"**CONFIDENTIAL**","**CONFIDENTIAL**",,,,,,
"120302088801002","12030201002",12,3,2,8,88,10,2,1,,1,7,2008,"**CONFIDENTIAL**","**CONFIDENTIAL**",,,,,,
"120302088840301","12030240301",12,3,2,8,88,403,1,1,,2,7,2008,"**CONFIDENTIAL**","**CONFIDENTIAL**",,,,,,
"120401088801602","12040101602",12,4,1,8,88,16,2,1,,16,6,2008,"**CONFIDENTIAL**","**CONFIDENTIAL**",,,,,,
"130101088800102","13010100102",13,1,1,8,88,1,2,2,,16,6,2008,"**CONFIDENTIAL**","**CONFIDENTIAL**",,,,,,
"130101088800303","13010100303",13,1,1,8,88,3,3,1,,18,6,2008,"**CONFIDENTIAL**","**CONFIDENTIAL**",,,,,,
"130101010100303","13010100303",13,1,1,1,1,3,3,1,,30,8,2008,"**CONFIDENTIAL**","**CONFIDENTIAL**",9.30895468,42.13772862,3,1834,"3/9/2016 12:23:17 PM",0.779106684391902
"130101088800405","13010100405",13,1,1,8,88,4,5,1,,16,6,2008,"**CONFIDENTIAL**","**CONFIDENTIAL**",,,,,,
"130101088800601","13010100601",13,1,1,8,88,6,1,2,,29,6,2008,"**CONFIDENTIAL**","**CONFIDENTIAL**",,,,,,
"130101088800704","13010100704",13,1,1,8,88,7,4,1,,14,6,2008,"**CONFIDENTIAL**","**CONFIDENTIAL**",,,,,,
"130101088800905","13010100905",13,1,1,8,88,9,5,1,,14,6,2008,"**CONFIDENTIAL**","**CONFIDENTIAL**",,,,,,
"130101088801103","13010101103",13,1,1,8,88,11,3,1,,1,7,2008,"**CONFIDENTIAL**","**CONFIDENTIAL**",,,,,,
"130101010101209","13010101209",13,1,1,1,1,12,9,1,,11,6,2008,"**CONFIDENTIAL**","**CONFIDENTIAL**",9.31925023,42.11562766,6,1912,"2/19/2016 12:03:56 PM",0.975342797569625
"130101088801304","13010101304",13,1,1,8,88,13,4,3,,24,7,2008,"**CONFIDENTIAL**","**CONFIDENTIAL**",,,,,,
"130101088801405","13010101405",13,1,1,8,88,14,5,1,,10,6,2008,"**CONFIDENTIAL**","**CONFIDENTIAL**",,,,,,
"130101088801603","13010101603",13,1,1,8,88,16,3,1,,1,7,2008,"**CONFIDENTIAL**","**CONFIDENTIAL**",,,,,,
"130101010101902","13010101902",13,1,1,1,1,19,2,2,,3,9,2008,"**CONFIDENTIAL**","**CONFIDENTIAL**",9.33463978,42.08116771,4,1936,"3/12/2016 7:41:05 AM",0.430354366745033
"140103010100301","14010300301",14,1,3,1,1,3,1,1,,29,6,2008,"**CONFIDENTIAL**","**CONFIDENTIAL**",8.8674374,38.78680218,5,2089,"3/8/2016 5:22:03 AM",0.0389194274502431
"140106010100632","14010600632",14,1,6,1,1,6,32,1,,25,6,2008,"**CONFIDENTIAL**","**CONFIDENTIAL**",8.95201161,38.76397611,45,2168,"3/4/2016 8:02:42 AM",0.59961813669634
"140202010200810","14020200810",14,2,2,1,2,8,10,1,,12,7,2008,"**CONFIDENTIAL**","**CONFIDENTIAL**",8.98410131,38.70670531,50,2298,"3/21/2016 9:18:05 AM",0.910478878724612
"140210010200422","14021000422",14,2,10,1,2,4,22,2,,3,7,2008,"**CONFIDENTIAL**","**CONFIDENTIAL**",8.95228637,38.76421899,13,2229,"3/12/2016 1:37:29 PM",0.0766085698626044
"140303010300904","14030300904",14,3,3,1,3,9,4,1,,6,7,2008,"**CONFIDENTIAL**","**CONFIDENTIAL**",9.03287403,38.72433504,7,2458,"3/18/2016 7:34:49 AM",0.727151207498811
"140304020300252","14030400252",14,3,4,2,3,2,52,1,,9,7,2008,"**CONFIDENTIAL**","**CONFIDENTIAL**",9.05561871,38.71365448,15,2502,"3/19/2016 9:34:24 AM",0.0680792248193544
"140313010300526","14031300526",14,3,13,1,3,5,26,1,,15,6,2008,"**CONFIDENTIAL**","**CONFIDENTIAL**",9.06216699,38.69190978,19,2556,"3/4/2016 6:49:38 AM",0.750286620459653
"140401010400822","14040100822",14,4,1,1,4,8,22,1,,3,7,2008,"**CONFIDENTIAL**","**CONFIDENTIAL**",9.06525487,38.75989278,3,2613,"3/18/2016 11:32:08 AM",0.694152839339409
"140404010400410","14040400410",14,4,4,1,4,4,10,1,,11,7,2008,"**CONFIDENTIAL**","**CONFIDENTIAL**",9.058896,38.73739885,20,2592,"3/21/2016 7:26:32 AM",0.331337242541526
"140503010500433","14050300433",14,5,3,1,5,4,33,1,,18,6,2008,"**CONFIDENTIAL**","**CONFIDENTIAL**",9.03028396,38.73803253,49,2490,"3/4/2016 8:22:09 AM",0.450070552737485
"140602010600227","14060200227",14,6,2,1,6,2,27,1,,2,7,2008,"**CONFIDENTIAL**","**CONFIDENTIAL**",9.0056687,38.76215618,20,2436,"3/11/2016 7:12:26 AM",0.346175011874258
"140608010600822","14060800822",14,6,8,1,6,8,22,1,,11,6,2008,"**CONFIDENTIAL**","**CONFIDENTIAL**",9.02274886,38.79497971,44,2401,"3/5/2016 7:43:09 AM",0.077743475827269
"140704010700424","14070400424",14,7,4,1,7,4,24,1,,8,7,2008,"**CONFIDENTIAL**","**CONFIDENTIAL**",9.02485327,38.73727482,11,2410,"3/17/2016 11:27:22 AM",0.738275606994645
"140801010800129","14080100129",14,8,1,1,8,1,29,1,,7,7,2008,"**CONFIDENTIAL**","**CONFIDENTIAL**",9.02848884,38.73609431,13,2444,"3/17/2016 11:45:02 AM",0.0856598951321374
"140807010800620","14080700620",14,8,7,1,8,6,20,1,,10,9,2008,"**CONFIDENTIAL**","**CONFIDENTIAL**",9.02932519,38.73587827,8,2456,"3/19/2016 9:51:52 AM",0.798616595472496
"140903010900303","14090300303",14,9,3,1,9,3,3,,,,,,"**CONFIDENTIAL**","**CONFIDENTIAL**",,,,,,0.566295159313034
"140906010901008","14090601008",14,9,6,1,9,10,8,1,,25,7,2008,"**CONFIDENTIAL**","**CONFIDENTIAL**",9.02415757,38.79364662,49,2411,"3/16/2016 12:32:24 PM",0.378405905039239
"140913010900632","14091300632",14,9,13,1,9,6,32,1,,7,7,2008,"**CONFIDENTIAL**","**CONFIDENTIAL**",9.02433299,38.79366556,49,2401,"3/16/2016 12:27:52 PM",0.41771342019444
"141006011000421","14100600421",14,10,6,1,10,4,21,1,,26,6,2008,"**CONFIDENTIAL**","**CONFIDENTIAL**",9.02373678,38.79419779,7,2408,"3/9/2016 8:39:05 AM",0.570128114228197
"141012011000731","14101200731",14,10,12,1,10,7,31,1,,20,6,2008,"**CONFIDENTIAL**","**CONFIDENTIAL**",8.95242888,38.76439276,16,2253,"3/4/2016 7:47:25 AM",0.85842131257915
"150101010100211","15010100211",15,1,1,1,1,2,11,1,,15,6,2008,"**CONFIDENTIAL**","**CONFIDENTIAL**",9.60333977,41.84776543,43,1207,"2/25/2016 9:56:58 AM",0.872125441614597
"150101010100253","15010100253",15,1,1,1,1,2,53,,,,9,,"**CONFIDENTIAL**","**CONFIDENTIAL**",,,,,,0.452014480927966
"150101010100329","15010100329",15,1,1,1,1,3,29,1,,25,6,2008,"**CONFIDENTIAL**","**CONFIDENTIAL**",9.58768493,41.85575407,3,1230,"3/16/2016 6:37:05 AM",0.909007023046262
"150101010100431","15010100431",15,1,1,1,1,4,31,1,,17,9,2008,"**CONFIDENTIAL**","**CONFIDENTIAL**",9.58794766,41.86414705,27,1251,"2/22/2016 6:47:01 AM",0.214012745401828
"150101010100613","15010100613",15,1,1,1,1,6,13,1,,14,6,2008,"**CONFIDENTIAL**","**CONFIDENTIAL**",9.58482432,41.86607145,26,1304,"3/16/2016 12:23:44 PM",0.662727321806702
"150101010100807","15010100807",15,1,1,1,1,8,7,1,,15,9,2008,"**CONFIDENTIAL**","**CONFIDENTIAL**",9.58523592,41.86540179,14,1208,"3/22/2016 7:15:58 AM",0.812591602938525
"150101010100914","15010100914",15,1,1,1,1,9,14,1,,22,8,2008,"**CONFIDENTIAL**","**CONFIDENTIAL**",9.57954588,41.8543081,44,1274,"3/5/2016 8:28:47 AM",0.594292956215466
"150102088800404","15010200404",15,1,2,8,88,4,4,1,,7,7,2008,"**CONFIDENTIAL**","**CONFIDENTIAL**",,,,,,
"150102088800704","15010200704",15,1,2,8,88,7,4,1,,10,7,2008,"**CONFIDENTIAL**","**CONFIDENTIAL**",,,,,,
"150102088801002","15010201002",15,1,2,8,88,10,2,1,,10,7,2008,"**CONFIDENTIAL**","**CONFIDENTIAL**",,,,,,
"150102088801201","15010201201",15,1,2,8,88,12,1,1,,10,7,2008,"**CONFIDENTIAL**","**CONFIDENTIAL**",,,,,,
"150102088801401","15010201401",15,1,2,8,88,14,1,1,,10,7,2008,"**CONFIDENTIAL**","**CONFIDENTIAL**",,,,,,
"150102088801605","15010201605",15,1,2,8,88,16,5,1,,10,7,2008,"**CONFIDENTIAL**","**CONFIDENTIAL**",,,,,,
"150102088801805","15010201805",15,1,2,8,88,18,5,1,,10,7,2008,"**CONFIDENTIAL**","**CONFIDENTIAL**",,,,,,
"150102088802404","15010202404",15,1,2,8,88,24,4,2,,25,6,2008,"**CONFIDENTIAL**","**CONFIDENTIAL**",,,,,,
"150102088802801","15010202801",15,1,2,8,88,28,1,1,,15,7,2008,"**CONFIDENTIAL**","**CONFIDENTIAL**",,,,,,
"150102088803102","15010203102",15,1,2,8,88,31,2,3,,22,6,2008,"**CONFIDENTIAL**","**CONFIDENTIAL**",,,,,,
